:START_ID(Dataset),:END_ID(Title)
-1034634475554027096,5907265588916055679
-1034634475554027096,8338972738772014004
-1244328576317514844,-7564208822908323516
-1289164860378949515,-1781941948457537386
-1289164860378949515,-2077078381467083383
-1289164860378949515,-2198942512973119760
-1289164860378949515,-2436234400159421350
-1289164860378949515,-2525428897848384245
-1289164860378949515,-2752683650109122178
-1289164860378949515,-2878596883244762720
-1289164860378949515,-304572181195771587
-1289164860378949515,-3059034822936378382
-1289164860378949515,-3572044579463526904
-1289164860378949515,-3634133853267316738
-1289164860378949515,-4041003008919872462
-1289164860378949515,-4428085074032991993
-1289164860378949515,-4854944124980374268
-1289164860378949515,-5267701997264043382
-1289164860378949515,-5459445665415871143
-1289164860378949515,-5546481474609562954
-1289164860378949515,-6136252006257791511
-1289164860378949515,-6290824339119985977
-1289164860378949515,-7068811488248931186
-1289164860378949515,-7300793808177758355
-1289164860378949515,-7534721558626836849
-1289164860378949515,-7873727488952189683
-1289164860378949515,-8213053225021045035
-1289164860378949515,-8698879524761105576
-1289164860378949515,-9012503601019823117
-1289164860378949515,2630460227971895928
-1289164860378949515,264025880573937834
-1289164860378949515,2812895686352500828
-1289164860378949515,330664122273147036
-1289164860378949515,3452117167199520930
-1289164860378949515,3634029425506400887
-1289164860378949515,3860941776894049441
-1289164860378949515,4395978102665592704
-1289164860378949515,4956888367495112706
-1289164860378949515,5914724119983327537
-1289164860378949515,6631347036320341365
-1289164860378949515,7453439340392602186
-1289164860378949515,7519888757603528931
-1289164860378949515,7838406183755602000
-1289164860378949515,7922652195209409271
-1289164860378949515,8725641408900765942
-1289164860378949515,8779292805426914443
-2116653534115198991,-730886704452898998
-2414206742799880561,-3265732643685279224
-2414206742799880561,3951628263490507374
-2634983309839227491,-2369813625392353806
-2634983309839227491,-2946433420598819149
-2634983309839227491,-2978329358787521097
-2634983309839227491,-3136825235519823966
-2634983309839227491,-3385074482612857663
-2634983309839227491,-3852988511710968127
-2634983309839227491,-5005841396899317013
-2634983309839227491,-6119666482868790734
-2634983309839227491,-6604223077476856007
-2634983309839227491,-7502585314883707585
-2634983309839227491,4034803870326320648
-2634983309839227491,4388444397451040327
-2634983309839227491,4475511517963513438
-2634983309839227491,522443459859792615
-2634983309839227491,812492222068036599
-2634983309839227491,9046269099182622862
-2756172432077882631,1499397273595878695
-2756172432077882631,4815938141631996584
-2756172432077882631,8581555590713776032
-2756172432077882631,8660183255048530347
-2814442288298719047,-3436604436367360965
-2814442288298719047,1631845197693845387
-2814442288298719047,2018368184674949124
-3410775704713562469,-2978329358787521097
-3410775704713562469,-3852988511710968127
-3410775704713562469,4034803870326320648
-3410775704713562469,4388444397451040327
-3410775704713562469,4475511517963513438
-343397498423715131,-1276711173332025325
-343397498423715131,-2073622265569866718
-343397498423715131,-2128784772024623291
-343397498423715131,-3126805447344668554
-343397498423715131,-343640128164683627
-343397498423715131,-4345475785226406539
-343397498423715131,-4349379905615940691
-343397498423715131,-4621520672021408353
-343397498423715131,-5066693090607401377
-343397498423715131,-5896644373877742456
-343397498423715131,-5906079204140925008
-343397498423715131,-6319759283776338239
-343397498423715131,-6899117804402686367
-343397498423715131,-744909285144223137
-343397498423715131,-7763668568695006456
-343397498423715131,-8192418912219777181
-343397498423715131,-9117798595315904918
-343397498423715131,1301593471840012655
-343397498423715131,4100357984053721546
-343397498423715131,411986835298710120
-343397498423715131,4474842079950692814
-343397498423715131,6909625074446392213
-343397498423715131,8690275714826708450
-3434272319266988272,-1185418054124008254
-3434272319266988272,-1192022774170608108
-3434272319266988272,-1369927669203680620
-3434272319266988272,-1673726745918749897
-3434272319266988272,-167631532482042353
-3434272319266988272,-1783527909593701574
-3434272319266988272,-2098336601402825814
-3434272319266988272,-233840068697740675
-3434272319266988272,-2537147903225410049
-3434272319266988272,-2694375870796639982
-3434272319266988272,-2965529071478572049
-3434272319266988272,-3032623483563857408
-3434272319266988272,-3339591274544518199
-3434272319266988272,-3419568421201878479
-3434272319266988272,-3604858602538845369
-3434272319266988272,-3709830477443167086
-3434272319266988272,-3950620673977879526
-3434272319266988272,-3966188699996118133
-3434272319266988272,-4072980292412653280
-3434272319266988272,-4103890852818119742
-3434272319266988272,-4239632189336215160
-3434272319266988272,-4348791363376271767
-3434272319266988272,-4407982775928116024
-3434272319266988272,-4600576794835829120
-3434272319266988272,-4947255228006799387
-3434272319266988272,-5645168339100250749
-3434272319266988272,-56902632209868369
-3434272319266988272,-5804441191941409293
-3434272319266988272,-5906524102513892135
-3434272319266988272,-6064132803117832293
-3434272319266988272,-6171302303870576491
-3434272319266988272,-6204135737207361278
-3434272319266988272,-6216891309732448647
-3434272319266988272,-6277902377614639049
-3434272319266988272,-6359956075744091473
-3434272319266988272,-6410974557781889011
-3434272319266988272,-6643996025232748843
-3434272319266988272,-6715302389449473654
-3434272319266988272,-6718525883441737564
-3434272319266988272,-6759808525719546643
-3434272319266988272,-6870744052126490587
-3434272319266988272,-6901765089538490001
-3434272319266988272,-7054207959225544571
-3434272319266988272,-7360410290495342298
-3434272319266988272,-7427310825065427769
-3434272319266988272,-7510693829257768129
-3434272319266988272,-764090286797618790
-3434272319266988272,-7914210056888554898
-3434272319266988272,-8119962938096022920
-3434272319266988272,-8272243553253185681
-3434272319266988272,-8335064991188879922
-3434272319266988272,-8381485351055023678
-3434272319266988272,-8490767218039865446
-3434272319266988272,-8836000362872301148
-3434272319266988272,-8969258352903145005
-3434272319266988272,1527103485061666696
-3434272319266988272,1975821196818006678
-3434272319266988272,2154515148943957139
-3434272319266988272,2219088909621988445
-3434272319266988272,2441425962387900832
-3434272319266988272,2574264568021659286
-3434272319266988272,2597210910667453047
-3434272319266988272,2637277491347179472
-3434272319266988272,2785852718405596462
-3434272319266988272,2789632060661319540
-3434272319266988272,2940454918993357451
-3434272319266988272,2943609582068206121
-3434272319266988272,3104347063332881763
-3434272319266988272,3218738070675214914
-3434272319266988272,3260866390283222916
-3434272319266988272,3515048259504941744
-3434272319266988272,3743174232873085105
-3434272319266988272,4238174904069217678
-3434272319266988272,4830774899231183230
-3434272319266988272,4889673097640433621
-3434272319266988272,5270208513101692711
-3434272319266988272,5365972365254533306
-3434272319266988272,5536178244317463180
-3434272319266988272,5633067346908473141
-3434272319266988272,5663482700152656201
-3434272319266988272,6067985841418963275
-3434272319266988272,6183388789308502814
-3434272319266988272,6292286861906778451
-3434272319266988272,6294082560081229570
-3434272319266988272,6865860841336334964
-3434272319266988272,7275274497156887664
-3434272319266988272,742400651106418982
-3434272319266988272,7984261503477874524
-3434272319266988272,8162153298945611730
-3434272319266988272,820208600130006123
-3434272319266988272,8295907988085677019
-3434272319266988272,8466307585743971015
-3434272319266988272,8497137926084086279
-3434272319266988272,8577227901132895655
-3434272319266988272,8606002006363644532
-3434272319266988272,892059499690778962
-3434272319266988272,9088683888345800202
-3434272319266988272,9139945752614126643
-3434272319266988272,9161039508047121927
-3434272319266988272,9180138932776080571
-3444752923485570181,-8777263477002077937
-3476443782021084906,-2790711806531702298
-3487484944945789763,-1279623030705386628
-3487484944945789763,-1881473018641964514
-3487484944945789763,-1932817748111325573
-3487484944945789763,-2156408485650310312
-3487484944945789763,-2185358021497130059
-3487484944945789763,-2981186969745672370
-3487484944945789763,-3134705237534885170
-3487484944945789763,-326803053052709356
-3487484944945789763,-3554109274587299990
-3487484944945789763,-3640893909449392570
-3487484944945789763,-3786914617814663769
-3487484944945789763,-3820653914895061655
-3487484944945789763,-3839565268044288443
-3487484944945789763,-3850938887655675480
-3487484944945789763,-4154694938624488004
-3487484944945789763,-4181328956573262360
-3487484944945789763,-4506552374741615264
-3487484944945789763,-4564180372536582707
-3487484944945789763,-4632008909947857169
-3487484944945789763,-5122435033248096943
-3487484944945789763,-5429179292172378118
-3487484944945789763,-5470203568305976849
-3487484944945789763,-5559816221785477832
-3487484944945789763,-5626721782981147580
-3487484944945789763,-5778729467364795730
-3487484944945789763,-6043865460334538420
-3487484944945789763,-6650470576561176814
-3487484944945789763,-726205653407600719
-3487484944945789763,-7272436428894646418
-3487484944945789763,-7360932977317766629
-3487484944945789763,-7426822654667155182
-3487484944945789763,-7436748593846290251
-3487484944945789763,-746528785794333323
-3487484944945789763,-7467024373445400622
-3487484944945789763,-7563577705033186587
-3487484944945789763,-7646334483310399436
-3487484944945789763,-7740428202781519067
-3487484944945789763,-8310798488094515097
-3487484944945789763,-8766728220239198105
-3487484944945789763,-8921295125492787730
-3487484944945789763,-9114937359477288053
-3487484944945789763,-9184188590694558316
-3487484944945789763,-967797740058242365
-3487484944945789763,1185242516571685760
-3487484944945789763,1376831377905645720
-3487484944945789763,1415147811712858305
-3487484944945789763,1806868148882618869
-3487484944945789763,2049415768249920953
-3487484944945789763,2278124943771944690
-3487484944945789763,2454010409624760286
-3487484944945789763,25898187328364092
-3487484944945789763,267676696738410346
-3487484944945789763,2784192653986169203
-3487484944945789763,2891321262534563814
-3487484944945789763,3019325193835703444
-3487484944945789763,3114325491944432554
-3487484944945789763,3214257521394032949
-3487484944945789763,3230435084228822522
-3487484944945789763,3338354847249879942
-3487484944945789763,3630795419035594235
-3487484944945789763,3635864956477316681
-3487484944945789763,3657648764394440765
-3487484944945789763,3760622968859202244
-3487484944945789763,4593583178741897461
-3487484944945789763,5129397705347207946
-3487484944945789763,5449119185286489658
-3487484944945789763,5744729869110854943
-3487484944945789763,5801064822565316131
-3487484944945789763,6011979769847161659
-3487484944945789763,6026775421396075250
-3487484944945789763,6206101394378904270
-3487484944945789763,6553281694832215421
-3487484944945789763,6796158887564752686
-3487484944945789763,6998861259887501595
-3487484944945789763,7262473624001981181
-3487484944945789763,7357653986418512730
-3487484944945789763,7629023329140390485
-3487484944945789763,7854661345582650995
-3487484944945789763,8277356713493351568
-3487484944945789763,8750813883253759940
-3487484944945789763,887751111636252960
-3487484944945789763,9066658939893068630
-3487484944945789763,9070021044057106786
-3487484944945789763,908111815951519933
-3487484944945789763,94066680826437459
-3785827174845224896,-7402636822292936550
-4121789669111524784,-3206989122444453354
-4121789669111524784,-4454850392595560518
-4265615211637364436,-5160185421714166349
-4265615211637364436,-9175047794256635254
-4265615211637364436,2371257156799913059
-4265615211637364436,2807874299084119293
-4360223830724003734,-1924445469363226292
-4360223830724003734,-2097153849414973349
-4360223830724003734,-3170948572771863940
-4360223830724003734,-3471415398394329880
-4360223830724003734,-4794397285593523522
-4360223830724003734,-5503843831153448899
-4360223830724003734,-7766024805910217963
-4360223830724003734,-8463006003075580305
-4360223830724003734,-8706492629561700427
-4360223830724003734,-8942002772218667663
-4360223830724003734,1090860198855155802
-4360223830724003734,1474374234008727140
-4360223830724003734,2901173171635857235
-4360223830724003734,3387897269703670930
-4360223830724003734,401896775578056579
-4360223830724003734,5662134219576787038
-4360223830724003734,8074308007458056255
-4489190236679670450,-1789655616465582898
-4489190236679670450,-2338191401045165891
-4489190236679670450,-5746467615542627808
-4489190236679670450,-7385990391054091155
-4489190236679670450,2733417209762040309
-4489190236679670450,5057502840536211468
-4493335118085679252,-538732814734765644
-4493335118085679252,7993705432008660127
-4529827489081349555,-8803926027150800978
-4648446587843525867,1062627443296262490
-4648446587843525867,2829572136365704915
-4648446587843525867,8123108505200402093
-5249508247175231675,-2253801891647773767
-5249508247175231675,-6939501136943408180
-5249508247175231675,1234632194709690984
-5559296772583415102,-2046461706821145064
-5559296772583415102,-6943596616888420615
-5559296772583415102,-8688816816353907846
-5559296772583415102,156124260344528615
-5559296772583415102,6966192342798108935
-5559296772583415102,961777152411735444
-5622734028058257575,-1235960991744346992
-5622734028058257575,-1382722399827012816
-5622734028058257575,-1656432754638212471
-5622734028058257575,-1911946915181948286
-5622734028058257575,-2054039912222715923
-5622734028058257575,-2479508424698792905
-5622734028058257575,-2854666264547862173
-5622734028058257575,-2863746798098833389
-5622734028058257575,-32196112108293072
-5622734028058257575,-3479313249581870278
-5622734028058257575,-3578058197398906973
-5622734028058257575,-3639171704610711583
-5622734028058257575,-3800869454050450655
-5622734028058257575,-3804417639142070438
-5622734028058257575,-4120359668259530916
-5622734028058257575,-4791796281693797647
-5622734028058257575,-496687707235461266
-5622734028058257575,-5455159160923831477
-5622734028058257575,-551144648598179520
-5622734028058257575,-5550460120749543900
-5622734028058257575,-5855958497628782809
-5622734028058257575,-5944682565157877265
-5622734028058257575,-5955280875622024450
-5622734028058257575,-6082152254164623054
-5622734028058257575,-6323743729657350592
-5622734028058257575,-6382069691995155928
-5622734028058257575,-678538291530007409
-5622734028058257575,-6862651173223713709
-5622734028058257575,-6890254349744130051
-5622734028058257575,-6960245426100840125
-5622734028058257575,-6977750187640338826
-5622734028058257575,-7292144217281999944
-5622734028058257575,-7527652245525768682
-5622734028058257575,-7839580730409888553
-5622734028058257575,-8353432331277594439
-5622734028058257575,-8750853446058914210
-5622734028058257575,-8799175008552491324
-5622734028058257575,-9047935680874034264
-5622734028058257575,-9112000790803719292
-5622734028058257575,-9217977631319455954
-5622734028058257575,1085797824928161564
-5622734028058257575,114245189483483330
-5622734028058257575,1739211381406257349
-5622734028058257575,1960100072462871073
-5622734028058257575,19952158686395663
-5622734028058257575,2014605082166299700
-5622734028058257575,2238668465929487070
-5622734028058257575,2997981031611389190
-5622734028058257575,3196753327521691340
-5622734028058257575,3277695319436588106
-5622734028058257575,3287528277361114766
-5622734028058257575,3415587786537264504
-5622734028058257575,3472323446097714673
-5622734028058257575,3815731193080740282
-5622734028058257575,3952914492418261141
-5622734028058257575,4312210765721758078
-5622734028058257575,4362679430459869712
-5622734028058257575,4742928449324085971
-5622734028058257575,5865789672426898818
-5622734028058257575,652834691929834700
-5622734028058257575,6726376767166415685
-5622734028058257575,6729385172487984318
-5622734028058257575,7220992298055848194
-5622734028058257575,7740991006863096705
-5622734028058257575,783858286461100709
-5622734028058257575,7847527950107186601
-5622734028058257575,788163215438310768
-5622734028058257575,9036786595486383455
-5622734028058257575,9045735566856712568
-5623178645890030738,-1524650061706542229
-5623178645890030738,-1726888214610583696
-5623178645890030738,-2717786923644808628
-5623178645890030738,-4335950136539347093
-5623178645890030738,-7404379676363361876
-5623178645890030738,1344774650857640355
-5623178645890030738,1622707288499191080
-5623178645890030738,4592040146282367594
-5644248297299709055,-3164291408645205421
-5644248297299709055,-5131117650085918173
-5644248297299709055,-7891482024897999988
-590607888888562868,-2182145510724879096
-590607888888562868,-2932446716082210571
-590607888888562868,-3193757949698372789
-590607888888562868,-3221410070439453123
-590607888888562868,-3951928942993306928
-590607888888562868,-4130186435783808622
-590607888888562868,-4194908764927854122
-590607888888562868,-4369339959731820650
-590607888888562868,-564711894688318677
-590607888888562868,-5689695189618449725
-590607888888562868,-585309447087456584
-590607888888562868,-5939138990243894249
-590607888888562868,-6569360828080705518
-590607888888562868,-7063624646518479902
-590607888888562868,-7237290558261029849
-590607888888562868,-7525071765860787833
-590607888888562868,-9013847691712845026
-590607888888562868,2308349691615207240
-590607888888562868,2441745781013664789
-590607888888562868,4393234175324491045
-590607888888562868,4437289553663068237
-590607888888562868,4504385620942731705
-590607888888562868,5723089396864716739
-590607888888562868,5931283726009814076
-590607888888562868,6067164680336822538
-590607888888562868,651563503576080422
-590607888888562868,6777629392203221958
-590607888888562868,6902458489597138131
-590607888888562868,7286859410072806005
-590607888888562868,729297435830104657
-590607888888562868,7895455423679433147
-590607888888562868,991653385883653212
-5909220561411115253,-2329590550833197210
-5909220561411115253,-3404848926833571483
-5909220561411115253,-4156995089197398682
-5909220561411115253,-6925928871207827322
-5909220561411115253,-7200680776852573747
-5909220561411115253,565519665876616237
-6239326298979767768,-1276097069954333235
-6239326298979767768,-1301173212608861915
-6239326298979767768,-136625621197000997
-6239326298979767768,-2748653564063698842
-6239326298979767768,-3956157202399230731
-6239326298979767768,-4590295237472714885
-6239326298979767768,-4768453474497304481
-6239326298979767768,-5139450359276383321
-6239326298979767768,-6939971681860937587
-6239326298979767768,-7042965784318448556
-6239326298979767768,-7067916532223612118
-6239326298979767768,2153990501544069189
-6239326298979767768,2722119570474208691
-6239326298979767768,2869378010420797986
-6239326298979767768,5419691665756243509
-6239326298979767768,5609786914321175153
-6239326298979767768,5841394758511628169
-6239326298979767768,5869431387932517963
-6239326298979767768,6061470957929614015
-6239326298979767768,7341810705881408444
-6239326298979767768,7974341668546692678
-6239326298979767768,8521260683360957636
-6304235930906832913,-8228685884173012684
-6912520869425854504,-4250527281972984594
-6912520869425854504,8135482754378801629
-726035608950565753,-4274948091335047837
-7396710017125288154,-2214315803281589475
-7441797097026403947,8998553766518656877
-7645818435944756602,-8094302900344506208
-7645818435944756602,643114145341433236
-7654524794944400159,-6153504091507339810
-7654524794944400159,3745375295147245365
-7654524794944400159,8807318003410873801
-7973803653253120729,-4472848772187503059
-7973803653253120729,-5243301248719407372
-7973803653253120729,-7710028125637756048
-7973803653253120729,2945198419902150049
-7973803653253120729,5681496341703196287
-7973803653253120729,5971047050757234978
-7973803653253120729,6220440910161743157
-7973803653253120729,7473348573340109977
-8177194362963634025,-1186760968321367366
-8177194362963634025,-1237620494058145155
-8177194362963634025,-186712294960362823
-8177194362963634025,-1883932538045499165
-8177194362963634025,-2028288696801251121
-8177194362963634025,-2364289062811016875
-8177194362963634025,-2507165443847016272
-8177194362963634025,-2683662559387693075
-8177194362963634025,-2712520377114407867
-8177194362963634025,-2892734783295116026
-8177194362963634025,-3288033004337129373
-8177194362963634025,-3297124472183384305
-8177194362963634025,-3452414994668152346
-8177194362963634025,-3457802417491951671
-8177194362963634025,-3458969978450493702
-8177194362963634025,-3714990549950985920
-8177194362963634025,-3715358269743843270
-8177194362963634025,-3787289434518593540
-8177194362963634025,-3796430777697737853
-8177194362963634025,-3799007217938863840
-8177194362963634025,-3805661084166073432
-8177194362963634025,-3851362654048833338
-8177194362963634025,-3903459627869152571
-8177194362963634025,-3946604457766726695
-8177194362963634025,-3971042931745235988
-8177194362963634025,-4119208367708772430
-8177194362963634025,-4252482044742342498
-8177194362963634025,-4336028647790135656
-8177194362963634025,-4477480804335625459
-8177194362963634025,-4572765307291541833
-8177194362963634025,-4883693820355227528
-8177194362963634025,-4893087064404409710
-8177194362963634025,-5004688462828574220
-8177194362963634025,-551155523979194821
-8177194362963634025,-5839471569191303791
-8177194362963634025,-6071308031811042408
-8177194362963634025,-611135950942109800
-8177194362963634025,-6197290670478909477
-8177194362963634025,-6225260238491144000
-8177194362963634025,-6238508043876914106
-8177194362963634025,-6394057229529641584
-8177194362963634025,-6813812811189786348
-8177194362963634025,-6850497286748491237
-8177194362963634025,-6963427198301436047
-8177194362963634025,-7046385168757196396
-8177194362963634025,-7340639344109673119
-8177194362963634025,-7350003499527518794
-8177194362963634025,-7486047019276420369
-8177194362963634025,-7531952449977025909
-8177194362963634025,-7759111393705257124
-8177194362963634025,-7983347110418465415
-8177194362963634025,-8096023586992209773
-8177194362963634025,-8158903243850817470
-8177194362963634025,-8190001277833535882
-8177194362963634025,-8204202328227866114
-8177194362963634025,-8529732551505289733
-8177194362963634025,-8552685208699962059
-8177194362963634025,-8615887289652313105
-8177194362963634025,-8652539765452180042
-8177194362963634025,-8693715746066811773
-8177194362963634025,-873451632091767396
-8177194362963634025,-8790977251799937345
-8177194362963634025,-8822422487867957796
-8177194362963634025,-8877070385210737620
-8177194362963634025,-8919964663442045373
-8177194362963634025,-8938020161771548312
-8177194362963634025,-9005736559332872202
-8177194362963634025,1476819259354731698
-8177194362963634025,1515016674596962838
-8177194362963634025,1566743467029928015
-8177194362963634025,1644327616170727906
-8177194362963634025,1697612343027319025
-8177194362963634025,1794271808282919342
-8177194362963634025,2246736956447127630
-8177194362963634025,2301487081946530875
-8177194362963634025,251200573941277777
-8177194362963634025,2545691037082596735
-8177194362963634025,2576060391376278277
-8177194362963634025,2736592101305951747
-8177194362963634025,278605953418758510
-8177194362963634025,2796954137877981092
-8177194362963634025,2893241539178726063
-8177194362963634025,2933887136229079048
-8177194362963634025,3014755352895353060
-8177194362963634025,3046511157262601445
-8177194362963634025,3091208065752544836
-8177194362963634025,3112649773933609031
-8177194362963634025,3179403131168471038
-8177194362963634025,3190834516191035438
-8177194362963634025,3217727377041878228
-8177194362963634025,3248777437698496744
-8177194362963634025,3252130164148792326
-8177194362963634025,3370203144667532169
-8177194362963634025,3397862050212582448
-8177194362963634025,362415406436508775
-8177194362963634025,3747255166632502813
-8177194362963634025,3931646847476128363
-8177194362963634025,3970517361194572702
-8177194362963634025,406399682493846360
-8177194362963634025,4135811167121023261
-8177194362963634025,4387134378210549625
-8177194362963634025,4438938014469891907
-8177194362963634025,4714434238568007903
-8177194362963634025,4831573802566497219
-8177194362963634025,4853942653752137571
-8177194362963634025,5014231552894042891
-8177194362963634025,5032675865304697677
-8177194362963634025,5279666761713298888
-8177194362963634025,5444065239874321495
-8177194362963634025,5624012198740935262
-8177194362963634025,5648328712419585849
-8177194362963634025,5716060487541919705
-8177194362963634025,5769807276196853269
-8177194362963634025,578828956914237871
-8177194362963634025,5793374070778545872
-8177194362963634025,6172594333122924964
-8177194362963634025,6289734056477108772
-8177194362963634025,6384883019690072208
-8177194362963634025,6458735566465527522
-8177194362963634025,6494443150009894996
-8177194362963634025,6686605340328404831
-8177194362963634025,7010007406759011357
-8177194362963634025,7022362859316346086
-8177194362963634025,7029512168855233817
-8177194362963634025,7663586218738117183
-8177194362963634025,7756408915942101840
-8177194362963634025,7896789206901535229
-8177194362963634025,8011310205874360955
-8177194362963634025,8016912466578164334
-8177194362963634025,8056030069779707320
-8177194362963634025,8181876127009302985
-8177194362963634025,837049567466229305
-8177194362963634025,8395169658998448096
-8177194362963634025,8449392901125709796
-8177194362963634025,8460486382111977825
-8177194362963634025,8557191028585632573
-8177194362963634025,8882125013607444478
-8177194362963634025,9149846849738603610
-8177194362963634025,9192204087829851599
-8177194362963634025,9222731054483489401
-8549490737856198355,-2875490472271906149
-8549490737856198355,-4242605745362619030
-8549490737856198355,-4555720305161943773
-8549490737856198355,-4605176568775995309
-8549490737856198355,-5228527912304523420
-8549490737856198355,-8084310683547570104
-8549490737856198355,-8681276277794264211
-8549490737856198355,119083284413418957
-8549490737856198355,1203614587227489925
-8549490737856198355,1412699404039191874
-8549490737856198355,1418258274907847257
-8549490737856198355,1941743949542358748
-8549490737856198355,2634845903015489731
-8549490737856198355,2700946822401696359
-8549490737856198355,3176763654754422936
-8549490737856198355,3287892551898469159
-8549490737856198355,3634074472611942318
-8549490737856198355,3687193582424969608
-8549490737856198355,3917872310580570596
-8549490737856198355,4484644006100519491
-8549490737856198355,7232621262585655601
-8549490737856198355,7938564385650867634
-8549490737856198355,823008048218329869
-8549490737856198355,9051195259667415069
-8549490737856198355,979305081151352038
-873886793754896426,-1006235280570364299
-873886793754896426,-2158692121033575298
-873886793754896426,-2471960850638198920
-873886793754896426,-310499392669386050
-873886793754896426,-383589448282433785
-873886793754896426,-3990591800156320344
-873886793754896426,-401518528599362625
-873886793754896426,-4668597596954102491
-873886793754896426,-5523962650780592372
-873886793754896426,-5897437030226664079
-873886793754896426,-720465205834737794
-873886793754896426,-7699070100989669551
-873886793754896426,-8999750500256038556
-873886793754896426,1384687458771804116
-873886793754896426,1712151281365406762
-873886793754896426,1855989929103426275
-873886793754896426,2068012493468410897
-873886793754896426,2275037856542648093
-873886793754896426,2547649161228236378
-873886793754896426,2769343056555957221
-873886793754896426,309562766132404538
-873886793754896426,3824028249318154950
-873886793754896426,4008323960038764859
-873886793754896426,4294562224364163282
-873886793754896426,5185460834039336910
-873886793754896426,5291356687093686053
-873886793754896426,6636210533843347999
-873886793754896426,6715668584074013737
-873886793754896426,7334462963203317320
-873886793754896426,7386816641005075026
-873886793754896426,8046769956415422551
-873886793754896426,8993269034934028199
-873886793754896426,9076005956481163404
-8881836776862838505,-13474386954190439
-8881836776862838505,-1362803791365598427
-8881836776862838505,-1369732994176544175
-8881836776862838505,-1687502863998775092
-8881836776862838505,-1875412147909568280
-8881836776862838505,-1980444905919071346
-8881836776862838505,-2040780156889029341
-8881836776862838505,-2061224212956209642
-8881836776862838505,-2079876768097683483
-8881836776862838505,-2209405871107450488
-8881836776862838505,-2319458685054279088
-8881836776862838505,-2395656436512716927
-8881836776862838505,-2396680566161595772
-8881836776862838505,-2691988890277477759
-8881836776862838505,-272692943151648807
-8881836776862838505,-2967033824326747470
-8881836776862838505,-3301611133313746508
-8881836776862838505,-3356350981865873388
-8881836776862838505,-3525184084122473450
-8881836776862838505,-383182931101252803
-8881836776862838505,-4142412192248660339
-8881836776862838505,-446928273455776718
-8881836776862838505,-4551576769743647575
-8881836776862838505,-4615807442565048307
-8881836776862838505,-4621611704288778951
-8881836776862838505,-4707343245061581493
-8881836776862838505,-4944944041538440076
-8881836776862838505,-5033758884053994327
-8881836776862838505,-5176151553440938546
-8881836776862838505,-5275501932300756675
-8881836776862838505,-5382895853412664804
-8881836776862838505,-5523769652074678751
-8881836776862838505,-5592727621307305889
-8881836776862838505,-5825656238168962893
-8881836776862838505,-5888312401321725193
-8881836776862838505,-5957710062675007175
-8881836776862838505,-6086371828765632021
-8881836776862838505,-6111167794423399894
-8881836776862838505,-6188205066018160505
-8881836776862838505,-621148696456040759
-8881836776862838505,-6429256662603734276
-8881836776862838505,-6730673854549338982
-8881836776862838505,-6773766757993882535
-8881836776862838505,-7060336954357168795
-8881836776862838505,-7192894456320267521
-8881836776862838505,-7319820749739397025
-8881836776862838505,-7462464415502887551
-8881836776862838505,-752576632797248586
-8881836776862838505,-7893004483832543721
-8881836776862838505,-8220182051328460092
-8881836776862838505,-8309717774165463471
-8881836776862838505,-8692269247325783956
-8881836776862838505,-8814357070368877618
-8881836776862838505,-907342816762255697
-8881836776862838505,1187082100326101031
-8881836776862838505,118720097399909586
-8881836776862838505,1255328077585283009
-8881836776862838505,139700600693752687
-8881836776862838505,1859568715903869417
-8881836776862838505,2001368918142690347
-8881836776862838505,2250597794136436334
-8881836776862838505,2355428990225415008
-8881836776862838505,2744447220264764054
-8881836776862838505,3387112114652195113
-8881836776862838505,3401350355472817335
-8881836776862838505,3403850820869574149
-8881836776862838505,3518252926368297224
-8881836776862838505,3622062165012185716
-8881836776862838505,3734745177542838835
-8881836776862838505,3814811391406493465
-8881836776862838505,3976357955362397528
-8881836776862838505,4021704367292615689
-8881836776862838505,4087128766662928527
-8881836776862838505,4223074427819360638
-8881836776862838505,425361186848649132
-8881836776862838505,4281773748762917230
-8881836776862838505,4718348735697610566
-8881836776862838505,4979418974151062137
-8881836776862838505,5239758964958927486
-8881836776862838505,5794685029626007974
-8881836776862838505,5917790683060854383
-8881836776862838505,6007650380062095561
-8881836776862838505,6062960712718881987
-8881836776862838505,6129614038386663209
-8881836776862838505,6204429250425200181
-8881836776862838505,6569971805532081683
-8881836776862838505,6582489461048051940
-8881836776862838505,7186719785780504067
-8881836776862838505,723735675741541040
-8881836776862838505,7240526669421191496
-8881836776862838505,7266587959223889306
-8881836776862838505,7388755423905862174
-8881836776862838505,7642486860644673233
-8881836776862838505,7770909127210823793
-8881836776862838505,7794276663720047256
-8881836776862838505,7897451637224851497
-8881836776862838505,8133977425850063944
-8881836776862838505,8212933586533391653
-8881836776862838505,8617651009796801058
-8881836776862838505,8925435410412329896
-8881836776862838505,8948919625706130104
-8881836776862838505,8967771255519662721
-8881836776862838505,979271115784553296
-8941342869472819370,7859008435383021657
-901400130581569845,-7342936678792056234
-9147130313824985231,4544520716792501112
-9147130313824985231,5569016484952215793
-957932539922588167,-2616811110979031795
-957932539922588167,-7257454270756670825
1012689845950954116,1441346690955188579
1038442732959446132,-1144478874799404359
1038442732959446132,-1211472842634238056
1038442732959446132,-1794789186284295034
1038442732959446132,-1831503076511414460
1038442732959446132,-1919053888104591909
1038442732959446132,-204718594808584947
1038442732959446132,-2101347257488964811
1038442732959446132,-2154159459398402634
1038442732959446132,-2172621416753636632
1038442732959446132,-2262850192077041778
1038442732959446132,-2287994436758215910
1038442732959446132,-2294543283183744038
1038442732959446132,-2397812719315194385
1038442732959446132,-2606848459253922025
1038442732959446132,-2613553438789404804
1038442732959446132,-2641455534012602399
1038442732959446132,-2736739495286278066
1038442732959446132,-2798110259984080641
1038442732959446132,-2822682654202158051
1038442732959446132,-288937207221393106
1038442732959446132,-2985133699203665471
1038442732959446132,-3029500509746427797
1038442732959446132,-3096803204043767181
1038442732959446132,-3192891244482895802
1038442732959446132,-3293781477608333188
1038442732959446132,-3323742130913111300
1038442732959446132,-3333991894465110956
1038442732959446132,-3379186439343689574
1038442732959446132,-3420413652038483319
1038442732959446132,-3477949714294041257
1038442732959446132,-3480489584957108747
1038442732959446132,-3490828001246367603
1038442732959446132,-3683089024013381266
1038442732959446132,-3738429240790730660
1038442732959446132,-3787863958995928412
1038442732959446132,-3797993674278893944
1038442732959446132,-4001090593069787124
1038442732959446132,-402131720465543942
1038442732959446132,-4219152884288536853
1038442732959446132,-4462522994067544866
1038442732959446132,-4830527760455338312
1038442732959446132,-4930429671102853621
1038442732959446132,-5072708014417233646
1038442732959446132,-5203798860624563646
1038442732959446132,-5247269489318700119
1038442732959446132,-528042007920504690
1038442732959446132,-5340031364272037963
1038442732959446132,-5413957217959937357
1038442732959446132,-54416059474904036
1038442732959446132,-549153637623841348
1038442732959446132,-5528780002717819708
1038442732959446132,-5562804070005966417
1038442732959446132,-5623680024199529218
1038442732959446132,-5693142129488660997
1038442732959446132,-5700424643426906903
1038442732959446132,-5712558288788551160
1038442732959446132,-585224370196691759
1038442732959446132,-5875511371108725638
1038442732959446132,-6124847107616478953
1038442732959446132,-6194392332788296729
1038442732959446132,-6217969355375367903
1038442732959446132,-6302538354731555785
1038442732959446132,-6404271429985446701
1038442732959446132,-6577075278601380910
1038442732959446132,-6687089798330904904
1038442732959446132,-6701992012533343472
1038442732959446132,-6724981725677960078
1038442732959446132,-6764672618943735657
1038442732959446132,-6769572628664079397
1038442732959446132,-6885000858618376788
1038442732959446132,-6965408621077340329
1038442732959446132,-69811541207837224
1038442732959446132,-7019292298761275430
1038442732959446132,-7400646974044867530
1038442732959446132,-7455957899694443834
1038442732959446132,-7458780249384319832
1038442732959446132,-7707544894487968985
1038442732959446132,-8005206195298701841
1038442732959446132,-8029987401431820808
1038442732959446132,-8087054899525392077
1038442732959446132,-8292021999757377288
1038442732959446132,-8431047634460389314
1038442732959446132,-8510839475545643390
1038442732959446132,-8725924585222584917
1038442732959446132,-9014365207098529429
1038442732959446132,-9027043556945873864
1038442732959446132,-9061414794415159595
1038442732959446132,-9155725222669135248
1038442732959446132,102661215931398643
1038442732959446132,1077297283815258759
1038442732959446132,1137588681610596252
1038442732959446132,1155439958898818180
1038442732959446132,1385812326461092617
1038442732959446132,1414824855526351902
1038442732959446132,1682241111592799699
1038442732959446132,1768623588865476597
1038442732959446132,2040828890876692863
1038442732959446132,2139495547077528771
1038442732959446132,2150340902122194820
1038442732959446132,2154195186891380584
1038442732959446132,2245400028419997165
1038442732959446132,2332801394674306630
1038442732959446132,235976114648856220
1038442732959446132,2412477134457018829
1038442732959446132,2427325050177043277
1038442732959446132,2477642184457319161
1038442732959446132,2496331035638270446
1038442732959446132,2608872418480703255
1038442732959446132,2716532860150578799
1038442732959446132,2739904368594187922
1038442732959446132,2757911803474177026
1038442732959446132,2842139087057185214
1038442732959446132,2946166092140623330
1038442732959446132,3092841774757790699
1038442732959446132,3702365329813277206
1038442732959446132,3725906901751661042
1038442732959446132,3858733826370198538
1038442732959446132,3909512661275137004
1038442732959446132,393682703529453056
1038442732959446132,4082129791286505423
1038442732959446132,4142865978529631932
1038442732959446132,4373286183649762969
1038442732959446132,4488218585928757615
1038442732959446132,4660255310619267547
1038442732959446132,5127686395105224628
1038442732959446132,5330710041835990686
1038442732959446132,5475708807605975418
1038442732959446132,5567904085138858545
1038442732959446132,5626744881292048137
1038442732959446132,5904207578202015154
1038442732959446132,5916533215367025276
1038442732959446132,5918861350214031396
1038442732959446132,5943572230767149265
1038442732959446132,5965341006300729428
1038442732959446132,6011313031465155447
1038442732959446132,6226910020286825247
1038442732959446132,6289854617860173850
1038442732959446132,6374363155092664812
1038442732959446132,6473211554508558195
1038442732959446132,6562679675541547360
1038442732959446132,6713741098556435854
1038442732959446132,6756750628810359584
1038442732959446132,6769915444552675547
1038442732959446132,6839612970845180752
1038442732959446132,6866194267725530426
1038442732959446132,7273449560434216510
1038442732959446132,7299159956812664952
1038442732959446132,7372172450402607732
1038442732959446132,7426270748436249235
1038442732959446132,7705405232846142231
1038442732959446132,780969768062180075
1038442732959446132,8452040667810378979
1038442732959446132,8541966425841204191
1038442732959446132,8564046431009281224
1038442732959446132,8613682604937443701
1038442732959446132,8700494397552849903
1038442732959446132,8793977891144757860
1038442732959446132,8901001245060150952
1038442732959446132,899148642852938891
1038442732959446132,9010063510994045847
1038442732959446132,9023646078835308434
1038442732959446132,9031795943600848758
1038442732959446132,9121324874757178593
1038442732959446132,9153414888651606312
1192837565772021165,-1127994667581451353
1192837565772021165,-1132601733050297677
1192837565772021165,-1479879259918864245
1192837565772021165,-158621524799649347
1192837565772021165,-1605784086975076836
1192837565772021165,-1640242416080053237
1192837565772021165,-1668090163611972444
1192837565772021165,-2275632911227533538
1192837565772021165,-2383971875718202754
1192837565772021165,-3075916678527998942
1192837565772021165,-3435576431773929577
1192837565772021165,-3574421906175826282
1192837565772021165,-3602199986889991783
1192837565772021165,-3766827345459971719
1192837565772021165,-4416958151010586718
1192837565772021165,-4419426302178664879
1192837565772021165,-4787208135909733506
1192837565772021165,-4927984549229660168
1192837565772021165,-50138955727552940
1192837565772021165,-5542782543236743456
1192837565772021165,-5654985614389170455
1192837565772021165,-6063719966358147173
1192837565772021165,-6133228318571818010
1192837565772021165,-6281018342611479848
1192837565772021165,-6571587758520206775
1192837565772021165,-670045992962178312
1192837565772021165,-7051108901658948781
1192837565772021165,-7469053709565865763
1192837565772021165,-7500155359566699784
1192837565772021165,-8056645611363940079
1192837565772021165,-8171376013335485116
1192837565772021165,-8211064772472094163
1192837565772021165,-8315404396236022254
1192837565772021165,-8434770127871663501
1192837565772021165,-8483048435065580103
1192837565772021165,-8616188726752425325
1192837565772021165,-8784524031699124754
1192837565772021165,-8827487531632087564
1192837565772021165,-8887754874221473459
1192837565772021165,-8942002772218667663
1192837565772021165,-9131270751356298909
1192837565772021165,-9185253465190393128
1192837565772021165,-9204810776410689971
1192837565772021165,-999724581611301322
1192837565772021165,101323965527486313
1192837565772021165,1114510064633066125
1192837565772021165,1206067225934559146
1192837565772021165,1339222179841653883
1192837565772021165,1979603800008354013
1192837565772021165,2025006336959230251
1192837565772021165,213535334169205753
1192837565772021165,214252260831378713
1192837565772021165,2212656010628977358
1192837565772021165,2225858324619762077
1192837565772021165,2273578168919374718
1192837565772021165,2374894142791410460
1192837565772021165,2432662457271201447
1192837565772021165,2691306214263224074
1192837565772021165,293446485436086094
1192837565772021165,3069509376501888317
1192837565772021165,3425262465982026028
1192837565772021165,3482490924501683510
1192837565772021165,3694940044310506878
1192837565772021165,3740562279177058810
1192837565772021165,3858815802936337801
1192837565772021165,4015855235757221629
1192837565772021165,414477727481361224
1192837565772021165,4254246773544451504
1192837565772021165,4279824976492177689
1192837565772021165,429028400580393429
1192837565772021165,4865916195070783118
1192837565772021165,4991287131723396113
1192837565772021165,5245419190600661160
1192837565772021165,5312050878962921728
1192837565772021165,5472049807323206874
1192837565772021165,5636642653527974160
1192837565772021165,5697777344577738673
1192837565772021165,5814847089599820201
1192837565772021165,6088015181596018448
1192837565772021165,6296254963166125418
1192837565772021165,6605418341452977855
1192837565772021165,6712519136966346416
1192837565772021165,6770162397670261085
1192837565772021165,6805664408306356307
1192837565772021165,6963840847284204395
1192837565772021165,698620263499552024
1192837565772021165,7229055824782989783
1192837565772021165,7257714843327489220
1192837565772021165,7328304354110890375
1192837565772021165,7407055114845381272
1192837565772021165,7408969820819384098
1192837565772021165,7596411094835279872
1192837565772021165,7654507644128967475
1192837565772021165,8065345568068063522
1192837565772021165,8150858788143328286
1192837565772021165,8170929170420524387
1192837565772021165,8268219673684001492
1192837565772021165,8335124192198299087
1192837565772021165,8368416955971072708
1192837565772021165,8566250803546771626
1192837565772021165,8800639653898204932
1192837565772021165,959053201632666578
1229330089977677802,-1365674914081738628
1229330089977677802,-2709721777976963608
1229330089977677802,-3475829439547894345
1229330089977677802,-4119541170262116766
1229330089977677802,-5602332769101918311
1229330089977677802,-662579147851337663
1229330089977677802,-6904289500925175510
1229330089977677802,1103318781004267793
1229330089977677802,1752360358943899965
1229330089977677802,1779602202203323489
1229330089977677802,3602883682766379095
1229330089977677802,5410641658190539750
1229330089977677802,6400095187544730075
1229330089977677802,7212069105990184362
1229330089977677802,7977060059033679165
1276727357443711626,-1313432030450913855
1276727357443711626,-2782146785485692411
1276727357443711626,-4284044663449422341
1276727357443711626,1449343465771236109
1276727357443711626,1770711629514300151
1276727357443711626,2568987152038793231
1276727357443711626,296892891079884555
1276727357443711626,4629009373923280370
1276727357443711626,7918059755751855048
1276727357443711626,979292129236488750
143308777726679005,-6720718179097326989
143308777726679005,-7962174743229212426
143308777726679005,2063927159013267333
143308777726679005,5598165724937693063
156034108827392472,5907265588916055679
156034108827392472,8338972738772014004
1739522850146916704,-1603678704741905774
1739522850146916704,-1607839217057094807
1739522850146916704,-2546330185266341600
1739522850146916704,-3232881482300768151
1739522850146916704,-4407592495582115437
1739522850146916704,-4461464316595224753
1739522850146916704,-6054635366975178116
1739522850146916704,-7662633154006068793
1739522850146916704,-8082790259733623016
1739522850146916704,-833908046507692711
1739522850146916704,1191047630064518380
1739522850146916704,1754835129457830578
1739522850146916704,1836853432133791116
1739522850146916704,3191142370472796718
1739522850146916704,4145784301918007050
1739522850146916704,4172571394162856352
1739522850146916704,506836978290063093
1739522850146916704,5090982060048691141
1739522850146916704,5238121161515953899
1739522850146916704,5860810007162137920
1739522850146916704,5987263286997881401
1739522850146916704,7567607220029510357
1739522850146916704,8041099660181293136
1739522850146916704,8925683882392896865
1739522850146916704,9222909118394012709
1777563856973914433,-1316303393842154995
1777563856973914433,-1342091211844790380
1777563856973914433,-1435136699430103669
1777563856973914433,-1606326837156915761
1777563856973914433,-1624542769482783650
1777563856973914433,-1645673965533551736
1777563856973914433,-1733724381076712990
1777563856973914433,-185987122257861502
1777563856973914433,-1944602908887542061
1777563856973914433,-1973237097325979874
1777563856973914433,-198484925191747582
1777563856973914433,-2087214477874807119
1777563856973914433,-2146019439006144522
1777563856973914433,-2697164752638272430
1777563856973914433,-2987591980139819706
1777563856973914433,-3024854860911702233
1777563856973914433,-3051824286880523294
1777563856973914433,-3233135093948489704
1777563856973914433,-3275748390754959327
1777563856973914433,-3416511483972286488
1777563856973914433,-3456805632437394321
1777563856973914433,-350275333026710650
1777563856973914433,-3547879527059773433
1777563856973914433,-3636442091869469614
1777563856973914433,-4046807879058110307
1777563856973914433,-4165818711186554129
1777563856973914433,-4243718352554975354
1777563856973914433,-4567945860603702378
1777563856973914433,-4655368799752458536
1777563856973914433,-4684554875170161710
1777563856973914433,-4688778400978069750
1777563856973914433,-4895318346519904537
1777563856973914433,-4907288523850933020
1777563856973914433,-550470805773343307
1777563856973914433,-5622379382710554434
1777563856973914433,-5808882953794170819
1777563856973914433,-6111376214060604173
1777563856973914433,-6136065806794089742
1777563856973914433,-6316718459084868200
1777563856973914433,-6325430276547437187
1777563856973914433,-6409717918568953098
1777563856973914433,-6467383505418471188
1777563856973914433,-6751679372506346283
1777563856973914433,-6939471712827629562
1777563856973914433,-6942705516383205248
1777563856973914433,-7056760138977499499
1777563856973914433,-7113910217858449647
1777563856973914433,-7154631448413894195
1777563856973914433,-7459135126769414244
1777563856973914433,-7942259332699816675
1777563856973914433,-823853800849158052
1777563856973914433,-8293773804784636056
1777563856973914433,-8305210204181417738
1777563856973914433,-8516572743620008453
1777563856973914433,-8910598411957570224
1777563856973914433,-8977207726015292039
1777563856973914433,-8983103992639691618
1777563856973914433,-9060837979031796640
1777563856973914433,-9071725555715325195
1777563856973914433,1040144692185912957
1777563856973914433,1246709914263278711
1777563856973914433,1275054500349485695
1777563856973914433,1301194972848606320
1777563856973914433,130132312831921956
1777563856973914433,1349630074276472719
1777563856973914433,136596071176042548
1777563856973914433,1542480227604926747
1777563856973914433,1591464354631894534
1777563856973914433,1595317933460911815
1777563856973914433,1727502241711676579
1777563856973914433,1980731746909156678
1777563856973914433,2225809819534919888
1777563856973914433,2287806226887722126
1777563856973914433,231760316502935940
1777563856973914433,2522988610427549061
1777563856973914433,3074902402022985825
1777563856973914433,3075125619848074923
1777563856973914433,3101155426004477363
1777563856973914433,3211016498785205901
1777563856973914433,3264372781434381133
1777563856973914433,3631791985648197863
1777563856973914433,3792204533532135624
1777563856973914433,385244362857484315
1777563856973914433,3877252882754369478
1777563856973914433,3964696449162005277
1777563856973914433,3968680975958681532
1777563856973914433,4067469688070907334
1777563856973914433,4087419105238845327
1777563856973914433,4182619620652626531
1777563856973914433,425923376536802336
1777563856973914433,4318242760243395492
1777563856973914433,4645437747485776563
1777563856973914433,4656908037919210133
1777563856973914433,4691717520061593223
1777563856973914433,5008987250490803035
1777563856973914433,52337116688423972
1777563856973914433,5288608847033418792
1777563856973914433,5323254827116436610
1777563856973914433,5328303357454405416
1777563856973914433,5594115607984570881
1777563856973914433,569753843404069991
1777563856973914433,5766886173469953726
1777563856973914433,5880542338891207048
1777563856973914433,5887906954507611186
1777563856973914433,5896486525039669897
1777563856973914433,6000735351562293171
1777563856973914433,6001159747477713292
1777563856973914433,6335887988270057284
1777563856973914433,6449072418356789938
1777563856973914433,6515573215969394684
1777563856973914433,6589311753001581
1777563856973914433,6669424124823033802
1777563856973914433,6798508995522184371
1777563856973914433,6821458519810081374
1777563856973914433,6856005958365252379
1777563856973914433,6862450606680252497
1777563856973914433,6967875278449042434
1777563856973914433,7352856983259520302
1777563856973914433,7775968919773273592
1777563856973914433,7806397117145234790
1777563856973914433,8015412961127494719
1777563856973914433,8101250073145009331
1777563856973914433,8539699886435237224
1777563856973914433,8605072438418186270
1777563856973914433,8758215832007973524
1777563856973914433,8900989014292345526
1777563856973914433,9030467093261672030
1777563856973914433,972689670424332440
1969745127221832354,-1003407788056909223
1969745127221832354,-1869352609148258038
1969745127221832354,-270710200806642340
1969745127221832354,-278171186613223345
1969745127221832354,-2910438087563124554
1969745127221832354,-2915957509645559402
1969745127221832354,-2926294232223469044
1969745127221832354,-385111472526647602
1969745127221832354,-4951430219518745530
1969745127221832354,-5238002868304233916
1969745127221832354,-5451237457083631251
1969745127221832354,-6430846386406848454
1969745127221832354,-6652533026305305437
1969745127221832354,-82003845817004424
1969745127221832354,-8356201221442522430
1969745127221832354,-8452958551937031096
1969745127221832354,1624435367675299724
1969745127221832354,2244832132122917706
1969745127221832354,257418570263621624
1969745127221832354,3087544965006624264
1969745127221832354,4129071787471742712
1969745127221832354,5050254565915456536
1969745127221832354,5538496725263385535
1969745127221832354,6003923360612565439
1969745127221832354,6476213490283883040
1969745127221832354,7054327146747417475
1969745127221832354,7345668209763600072
1969745127221832354,7382768722560256376
1969745127221832354,7429695551766845805
1969745127221832354,7515797460526944234
1969745127221832354,7752895130852681206
1969745127221832354,782634906436696703
1969745127221832354,7887563039004034940
1969745127221832354,8043811153260885364
1969745127221832354,8585826628748952952
1969745127221832354,8615673122781917651
1969745127221832354,8729299024865043550
1969745127221832354,9074588439230014515
2058293964462250115,-1833188034454136873
2058293964462250115,-4274948091335047837
2079780647927212394,-8195254345809763952
2079780647927212394,1584134427705395798
2079780647927212394,2239086585040033445
2079780647927212394,39599353821509051
2079780647927212394,4185777376170305639
2079780647927212394,6048903568768899931
2079780647927212394,6068329296943312902
2079780647927212394,6575022315151763218
2079780647927212394,7860207839003312453
2079780647927212394,7966111001360353008
2079780647927212394,8730154704798588762
2081880975852225357,-2496542896740026199
2081880975852225357,8829240386258892604
2557943331486244441,-1206030194715843400
2844414697342891788,-3006056675200421037
2844414697342891788,-5905984159572119091
2844414697342891788,6329644469298353066
2844414697342891788,8599830246482515401
3112162872989379907,-1061032931395421624
3112162872989379907,-1495027872398427096
3112162872989379907,-1708046203739081090
3112162872989379907,-1888487075062779896
3112162872989379907,-2544168659348081801
3112162872989379907,-2672968024944275788
3112162872989379907,-3387562871143103636
3112162872989379907,-3905729761177104710
3112162872989379907,-4015219867669371438
3112162872989379907,-4222368911221326940
3112162872989379907,-5260143201129543966
3112162872989379907,-5443821902408358717
3112162872989379907,-6575138375456591121
3112162872989379907,-6823010333397892615
3112162872989379907,-7088008841782760502
3112162872989379907,-7626988897266551771
3112162872989379907,-7702816199119170017
3112162872989379907,-7779237114845022955
3112162872989379907,-8236280957886318519
3112162872989379907,-8354154501944720451
3112162872989379907,-8425997615194925086
3112162872989379907,-8480550268316259604
3112162872989379907,-8510244371182201110
3112162872989379907,-8606108725729957957
3112162872989379907,-9072116070895279382
3112162872989379907,-9099537047078966039
3112162872989379907,1222261876669975601
3112162872989379907,183864158161948746
3112162872989379907,2042223105737322951
3112162872989379907,284873972321080808
3112162872989379907,3769246576936476309
3112162872989379907,3874684373336509448
3112162872989379907,464215335986251149
3112162872989379907,48980699107468187
3112162872989379907,5568808925566930462
3112162872989379907,6028817890533857319
3112162872989379907,7013729500371102104
3112162872989379907,7544318129350450407
3112162872989379907,7704376235445898385
3112162872989379907,7907945073272945198
3112162872989379907,8259865018542596547
3112162872989379907,8770569410011527257
3112162872989379907,910358282137798404
3245411012233938100,-2602858038105478235
3245411012233938100,-3187425323858985222
3245411012233938100,-5725018195945845499
3245411012233938100,-7949149148548811571
3245411012233938100,2302722953014654203
3245411012233938100,4577228342278461831
3369786424482496219,6654065165270343209
3556954026082310847,4204326030594871709
3685339161980305083,-176268298946023610
3853351284994265517,-7025968246960014741
3853351284994265517,4729703171701725533
4542972924868670085,-1987446373374594850
4786964076679135743,-117895354452574211
4786964076679135743,-1891658773218417264
4786964076679135743,-252791313933450717
4786964076679135743,-3594601914129711462
4786964076679135743,-392855771644859841
4786964076679135743,-4356042502933644459
4786964076679135743,-5562741964855478835
4786964076679135743,-5575808312095823240
4786964076679135743,-6289476971552192707
4786964076679135743,-6337316384230795747
4786964076679135743,-733755901025977546
4786964076679135743,-8575345495702751646
4786964076679135743,-9110211549533616690
4786964076679135743,1262833067315130554
4786964076679135743,2742521416504617751
4786964076679135743,3794855872878556185
4786964076679135743,5233348749614501512
4786964076679135743,5457358379020790419
4786964076679135743,6178131539319054242
4786964076679135743,7283319878722824552
4786964076679135743,7327462447401000839
4786964076679135743,7713181368619010015
4786964076679135743,8013954741354717389
4786964076679135743,8503742516077220812
4786964076679135743,8561721015321817641
4789679025967066336,6258340939304166510
5475158191117080060,-1395407983995029240
5475158191117080060,-584299136058981155
5475158191117080060,-5974464002832886412
5475158191117080060,-7706473997775512025
5475158191117080060,613163891553762158
5948261610582353762,9159164887760215789
6241937304554487551,-1246953987845345834
6241937304554487551,-3775552269039172390
6241937304554487551,-7982109490943244117
6241937304554487551,4225090481574492860
6241937304554487551,8164691309339814014
6469025777641941458,-1301912816952849788
6469025777641941458,-1772905913837079929
6469025777641941458,-5060705422579081584
6469025777641941458,-5261813098167720543
6469025777641941458,-5616651837559352683
6469025777641941458,-6627076619788405576
6469025777641941458,-7168556898029790238
6469025777641941458,-7555134215453188097
6469025777641941458,-8270305688774889039
6469025777641941458,-8845795418012759685
6469025777641941458,-8902423233344089361
6469025777641941458,113093459898070351
6469025777641941458,1983669542023370534
6469025777641941458,5295709943188406658
6469025777641941458,7106639927012017295
6469025777641941458,8856454756122201784
6469025777641941458,907042639106832494
6469025777641941458,989408142891255228
6969878367769110430,-2806352860396676902
6969878367769110430,-597914866589191185
6969878367769110430,-9211784292672386630
6969878367769110430,3987342618479069654
6976588778443745079,-5640463061286221900
6976588778443745079,-801343520152863674
6976588778443745079,2518255834411874186
7073824044467073600,-2330723246958758150
7073824044467073600,-2603084423631603353
7073824044467073600,-414203522053388900
7073824044467073600,-4400388151836841645
7073824044467073600,-5825994171412764250
7073824044467073600,-5833326635716383255
7073824044467073600,-6789915770841546098
7073824044467073600,-8225508214642677456
7073824044467073600,1041507593521961459
7073824044467073600,1988804437514787628
7073824044467073600,2813379405254278978
7073824044467073600,4283601400365069250
7073824044467073600,4786682057465261792
7073824044467073600,5505789245139543681
7073824044467073600,6767903687226945561
7196344095485114577,2765203883512559370
7582736039400603576,-2760428748879939536
7582736039400603576,-4107969526205167982
7582736039400603576,-6854915704940542379
7582736039400603576,1385495601574741380
7582736039400603576,5631478263120236066
7582736039400603576,695018118554612340
7582736039400603576,7535669599983843619
7582736039400603576,7752551186217124138
7582736039400603576,9074225498542123377
7618891490817368496,-2248439886091855117
7618891490817368496,-5455159160923831477
7618891490817368496,-5734950785545027193
7618891490817368496,-7839580730409888553
7618891490817368496,114245189483483330
7618891490817368496,19952158686395663
7618891490817368496,2230974273455674499
7618891490817368496,2997981031611389190
7618891490817368496,3393772086869025458
7618891490817368496,7159271921634878180
796424587240431900,-3660859546522110694
796424587240431900,-4547623880950306865
796424587240431900,-4808436501127669046
796424587240431900,-5774498803532811921
796424587240431900,-626307206748335781
796424587240431900,-7021924570227680856
796424587240431900,-7378605837919201622
796424587240431900,-7631965705811317655
796424587240431900,-7749164262873019502
796424587240431900,-8327399780776631493
796424587240431900,2618952235449053299
796424587240431900,2986985392587735476
796424587240431900,4443415553306489546
796424587240431900,7256152120282759260
796424587240431900,7379842099234418345
796424587240431900,9189472381284122593
8018082955268522390,-7885168129306188062
8025645475715983240,-7730790637723678187
8215383094250468193,-1451271431634105608
8215383094250468193,-2462189040158455363
8215383094250468193,-2498140393620684571
8215383094250468193,-3574144021954381974
8215383094250468193,-4064192585535100662
8215383094250468193,-7151532099088251361
8215383094250468193,-9115582390191074855
8215383094250468193,-9176845751062783800
8215383094250468193,1114879730262641332
8215383094250468193,2097725016855953358
8215383094250468193,2287275657216198378
8215383094250468193,3338261977645548225
8215383094250468193,5971439275815647895
8215383094250468193,6180066885914051430
8215383094250468193,8144806364864663141
8215383094250468193,983696576977759906
8263636031267845484,2394310834326205450
8263636031267845484,4501338017935707251
8305354444841679249,-1042765659807608825
8305354444841679249,-1052327924217285616
8305354444841679249,-1234804363139229128
8305354444841679249,-1248075181529618174
8305354444841679249,-1463084838258220179
8305354444841679249,-1607664525550147178
8305354444841679249,-1892859778777945043
8305354444841679249,-2032026464042486973
8305354444841679249,-2065767254105220178
8305354444841679249,-2127557672523857913
8305354444841679249,-2312819054562949977
8305354444841679249,-234631411961846444
8305354444841679249,-2457320051694919619
8305354444841679249,-2601336507318260527
8305354444841679249,-2751565439554790006
8305354444841679249,-2902734335213258883
8305354444841679249,-3248160410885214929
8305354444841679249,-3478607571387020229
8305354444841679249,-3576523005584906487
8305354444841679249,-3704240903422803425
8305354444841679249,-3925969827549201828
8305354444841679249,-416342269517838357
8305354444841679249,-4214798237074671779
8305354444841679249,-4315947309213781022
8305354444841679249,-4666971263167977435
8305354444841679249,-4774179138601259772
8305354444841679249,-4988590172056167697
8305354444841679249,-5216850974052239010
8305354444841679249,-536305595817208646
8305354444841679249,-5599606145355721264
8305354444841679249,-562679054919645842
8305354444841679249,-6545447292315266385
8305354444841679249,-6603671907126866524
8305354444841679249,-6607186309329250816
8305354444841679249,-6770075174135970269
8305354444841679249,-6900485792956592161
8305354444841679249,-6992547024588067568
8305354444841679249,-7224043117058780656
8305354444841679249,-7361114724661091075
8305354444841679249,-7376416138085220105
8305354444841679249,-7509365429796578580
8305354444841679249,-759968773869862044
8305354444841679249,-7650742158830744256
8305354444841679249,-7722730690186176337
8305354444841679249,-7845805869487271836
8305354444841679249,-7970352785439751920
8305354444841679249,-8311160678615428032
8305354444841679249,-8339368000383303832
8305354444841679249,-8400799383514294475
8305354444841679249,-8594293606314910481
8305354444841679249,-876620833449531419
8305354444841679249,1494303165413275868
8305354444841679249,1538469796242954478
8305354444841679249,1556063272901520357
8305354444841679249,175045175056035358
8305354444841679249,1991572185146123368
8305354444841679249,2207551078321227958
8305354444841679249,2263589494593499256
8305354444841679249,229524060057031251
8305354444841679249,2327291233420534269
8305354444841679249,2354929092396132603
8305354444841679249,24792979341679940
8305354444841679249,2479438824663876245
8305354444841679249,2920207852528633316
8305354444841679249,313309640926948339
8305354444841679249,3141216283660026229
8305354444841679249,3211336167602741896
8305354444841679249,3222559053749540757
8305354444841679249,3461796644467144146
8305354444841679249,3726629545244819033
8305354444841679249,383526815007723799
8305354444841679249,4073753058359301437
8305354444841679249,4686229793179236670
8305354444841679249,4723956061000727177
8305354444841679249,4778026171075562840
8305354444841679249,5131072702848184477
8305354444841679249,5158837766335103330
8305354444841679249,5301839812193927617
8305354444841679249,5820525314185769515
8305354444841679249,6456060461670638582
8305354444841679249,6699520527507834356
8305354444841679249,6729129297350432314
8305354444841679249,6943836843701912726
8305354444841679249,7385058056076244694
8305354444841679249,7478100811696955560
8305354444841679249,7645713334613527891
8305354444841679249,7816820671817911982
8305354444841679249,7921334082437725076
8305354444841679249,8195086162553127308
8305354444841679249,8274901047196196541
8305354444841679249,8349930139165938577
8305354444841679249,8360256397006254175
8305354444841679249,8429392454380868001
8305354444841679249,8432754505181203023
8305354444841679249,8566835048146927514
8305354444841679249,925758452967798530
8326799337877160535,7112961301862628308
8326799337877160535,821457402181861016
8411863443364089297,-4841652092239265419
8419640332896136123,-1114978693569255722
8419640332896136123,-2815561220338980267
8419640332896136123,6562468860762433047
8608004857924795345,-2658830232410587305
8608004857924795345,-3054670956052613026
8608004857924795345,-5033958308307694590
8608004857924795345,1355257456937150981
8608004857924795345,3202919579568336654
8608004857924795345,4545862248358380663
8608004857924795345,5671469088529045427
8608004857924795345,580359010860405071
8608004857924795345,6599349264948538928
8608004857924795345,8820046305134420211
878805117675814676,-4146087656711297106
878805117675814676,-4870404295016982183
878805117675814676,-7228350444721307788
878805117675814676,-7485549887851263130
878805117675814676,-8796863608380017517
878805117675814676,1902367454491329520
878805117675814676,9023874192638905150
904833286334050461,-1102577900503106383
904833286334050461,-1356337810195287771
904833286334050461,-1756100829701320402
904833286334050461,-1856266083871303963
904833286334050461,-2159634231249840594
904833286334050461,-2308424479555688675
904833286334050461,-249970008718478038
904833286334050461,-3120771795181670558
904833286334050461,-3355328898361516818
904833286334050461,-3525480546538091741
904833286334050461,-3583175862099505638
904833286334050461,-3991910108384511623
904833286334050461,-4824106693855566825
904833286334050461,-5546573417895554088
904833286334050461,-5551963920913235735
904833286334050461,-5936177830933998951
904833286334050461,-6033071676152369707
904833286334050461,-7433405168388249885
904833286334050461,-7941263561799526930
904833286334050461,-8167116728474905133
904833286334050461,-8221742305296285083
904833286334050461,-8338950748268445611
904833286334050461,-8383778106756444133
904833286334050461,-8398020315400182209
904833286334050461,-8634122142860533306
904833286334050461,-9159228620994072721
904833286334050461,-957343428752381417
904833286334050461,1056238609026267739
904833286334050461,1180175505933500544
904833286334050461,1513442068266530550
904833286334050461,1542235249687371468
904833286334050461,1559239283138301253
904833286334050461,1747642553258710548
904833286334050461,2106826188326166626
904833286334050461,3178691388190338208
904833286334050461,3261631716482205607
904833286334050461,3781861079371856151
904833286334050461,3933509857061589792
904833286334050461,3986725679450554766
904833286334050461,4489631871978258837
904833286334050461,4826010236721916641
904833286334050461,4989884511736694915
904833286334050461,5270723675037150414
904833286334050461,5309151417918958682
904833286334050461,5345696070829025102
904833286334050461,5443919081793787101
904833286334050461,5849570839315383921
904833286334050461,6092995080643607946
904833286334050461,6116990339009151162
904833286334050461,6240281887949255580
904833286334050461,6393984145951683361
904833286334050461,6649904857556562542
904833286334050461,6696673789593226669
904833286334050461,6870791566684561481
904833286334050461,7215353694004807500
904833286334050461,7691526197318909155
904833286334050461,8112297121130674622
904833286334050461,8294513267452169302
904833286334050461,9060646932652555253
904833286334050461,916468149939742462
9161036143888692326,-5833326635716383255
9161036143888692326,2338747596229152213
965408907858420567,-2297270449995615945
965408907858420567,-2395954575186140457
965408907858420567,-2660148575354844773
965408907858420567,-3790066779407046298
965408907858420567,-3920890948153684685
965408907858420567,-4932660841982687624
965408907858420567,-5051748683562803805
965408907858420567,-5287976040858290443
965408907858420567,-5751287989522738167
965408907858420567,-6030937693618582619
965408907858420567,-6033234071222241444
965408907858420567,-6363711715793085702
965408907858420567,-6368173303661379186
965408907858420567,-7179410311570478057
965408907858420567,-7229252063295555593
965408907858420567,-8875865328732368436
965408907858420567,-8888249914013414532
965408907858420567,1785135041552270544
965408907858420567,2666189644816766942
965408907858420567,3359967183687102267
965408907858420567,4134462620669481673
965408907858420567,4224923331982330751
965408907858420567,4278029156576200997
965408907858420567,4375444532214418440
965408907858420567,443831629556048227
965408907858420567,449006291047336611
965408907858420567,4523617669434057991
965408907858420567,4704805944789538599
965408907858420567,51175376950210877
965408907858420567,5275340798653336991
965408907858420567,5510608481637279677
965408907858420567,556936313611424832
965408907858420567,6260963012346506700
965408907858420567,6306166879885162623
965408907858420567,6991727113204544898
965408907858420567,7367194859561006353
965408907858420567,7426137776989433773
965408907858420567,7676257843620813821
965408907858420567,8065559073268423023
965408907858420567,8603211360140468817
965408907858420567,8752556138901975013
965408907858420567,8831097420438273566
965408907858420567,908369311413397846
