:START_ID(Title),:END_ID(Subtitle)
-1006235280570364299,8166583781108917090
-1042765659807608825,546191652904923874
-1042765659807608825,89947396279127968
-1052327924217285616,-3133812994201800627
-1052327924217285616,-5372571714039902999
-1061032931395421624,-4303171093802218631
-1127994667581451353,8023980162730096869
-1132601733050297677,1447221608873934420
-1144478874799404359,-4474469066846455657
-1185418054124008254,-2186639266578954423
-1186760968321367366,-7471628732900481123
-1192022774170608108,-3645141989043605479
-1206030194715843400,-5681194416547071689
-1211472842634238056,-3233335028620638221
-1234804363139229128,-759975286399297558
-1234804363139229128,-9054473081367992019
-1235960991744346992,8512311473306242917
-1237620494058145155,-7545754593889674200
-1246953987845345834,-3507747021310786123
-1248075181529618174,-2964358851822404391
-1248075181529618174,-4635511654568561229
-1276097069954333235,-2067077573408517879
-1276711173332025325,-6374138802244964141
-1279623030705386628,-4775687375316626560
-1301912816952849788,4411020733333520181
-1313432030450913855,4791659880482380261
-1316303393842154995,3574099230279081680
-1342091211844790380,3833451020885175562
-13474386954190439,-421482722326210865
-13474386954190439,-8947337030553379360
-1362803791365598427,-1580701163862033361
-1362803791365598427,-2324515184410084630
-1365674914081738628,-1471038122681068302
-136625621197000997,-4937740119064471762
-1369732994176544175,-6030176341761415183
-1369732994176544175,6819140380635933487
-1369927669203680620,176445006210896039
-1382722399827012816,8520909097911448574
-1395407983995029240,-6241173826066880100
-1435136699430103669,-7293870408235883512
-1451271431634105608,3560811905230620859
-1463084838258220179,602773228762531779
-1463084838258220179,8286439164266411564
-1479879259918864245,-7015072367839479042
-1495027872398427096,6922097746803450172
-1524650061706542229,5479180068308226304
-158621524799649347,2070711764672631351
-1605784086975076836,-8836629241013286947
-1606326837156915761,5504817556369730507
-1607664525550147178,-7916310750540651984
-1607664525550147178,7028008819835143297
-1624542769482783650,2497500318594129224
-1640242416080053237,7213284884151805939
-1645673965533551736,-4675389179998850032
-1656432754638212471,6045786678925886606
-1668090163611972444,-4028141391927141219
-1673726745918749897,7399568152363503237
-167631532482042353,-7022892568725250475
-1687502863998775092,-8512263589974676178
-1687502863998775092,1668031070709380110
-1708046203739081090,-8162217209187335496
-1726888214610583696,2347465136581655133
-1733724381076712990,-6499246141665755220
-176268298946023610,-4205965239496469544
-1772905913837079929,-8248422309866866893
-1783527909593701574,162953248953108228
-1789655616465582898,4554460100514304409
-1794789186284295034,7304486330720417958
-1831503076511414460,1922012664461279903
-1833188034454136873,-7843331481789668083
-185987122257861502,2685134095071004170
-186712294960362823,-753295790576222228
-1869352609148258038,-5861974166039956184
-1875412147909568280,3532575967268720716
-1875412147909568280,6845544148740489448
-1881473018641964514,3430345163302332304
-1883932538045499165,41963394383745650
-1888487075062779896,-2376258767332432960
-1892859778777945043,649148082870900429
-1892859778777945043,8413605944068371652
-1911946915181948286,-2939763158889704890
-1919053888104591909,975404128149598890
-1924445469363226292,5305672633428708358
-1932817748111325573,-8570895432731691700
-1944602908887542061,-1420885430325656116
-1973237097325979874,4600694909863416671
-1980444905919071346,-131854567734518560
-1980444905919071346,-5601398377543391596
-198484925191747582,-3424381470794575868
-2028288696801251121,8716036329246224017
-2032026464042486973,-1921322639571837551
-2032026464042486973,-334916103212178343
-2040780156889029341,4244486523523411174
-2040780156889029341,8097073428546326884
-2046461706821145064,-7776158451079596885
-204718594808584947,-4276305526005638857
-2054039912222715923,-2612841356316165278
-2061224212956209642,-2870543662465837256
-2061224212956209642,8674491980033739787
-2065767254105220178,-1605612926125343192
-2065767254105220178,-8377155253357330373
-2073622265569866718,2067563660036276139
-2079876768097683483,2613786684548408756
-2079876768097683483,4421455555942617175
-2087214477874807119,-5208100128563625971
-2097153849414973349,591704635979970238
-2098336601402825814,4464865665236645890
-2101347257488964811,-8620248005622133350
-2127557672523857913,2503457040414162434
-2127557672523857913,817715046712729602
-2128784772024623291,4750276518818421820
-2146019439006144522,1259243652361599409
-2154159459398402634,-6758480753157760834
-2156408485650310312,147214329559350487
-2158692121033575298,6245059667894947349
-2182145510724879096,-6460103626995372344
-2185358021497130059,9109168254515451237
-2209405871107450488,-3600216007907206480
-2209405871107450488,1205021467213372775
-2214315803281589475,-353621874006617243
-2248439886091855117,-8808880639944883403
-2248439886091855117,1452953755713946348
-2248439886091855117,7062092873001575804
-2253801891647773767,2505788900517029675
-2262850192077041778,6168727678449777294
-2275632911227533538,370944872728424768
-2287994436758215910,8375098357238900368
-2294543283183744038,-3928964673164471015
-2312819054562949977,-7728142466601752085
-2312819054562949977,1921971143867234630
-2319458685054279088,300995984894813855
-2319458685054279088,4108225404922349270
-2330723246958758150,-975850620792178904
-2338191401045165891,2794277152826495246
-233840068697740675,973459781455654205
-234631411961846444,-1057351745606628464
-234631411961846444,830487100746157447
-2364289062811016875,4796091962962125864
-2369813625392353806,1472878331558702146
-2383971875718202754,-1738174529989506182
-2395656436512716927,5319417296328554488
-2395656436512716927,6176506823054075903
-2396680566161595772,-564513685160653404
-2396680566161595772,-75561901256215715
-2397812719315194385,8365553490396520282
-2457320051694919619,-1166830583090940384
-2457320051694919619,2839407015494885393
-2462189040158455363,1405898043222032542
-2471960850638198920,-2751818667918761855
-2471960850638198920,5282115755049424158
-2479508424698792905,-3855116081101483147
-2496542896740026199,7438673703468884512
-2498140393620684571,-6471837549014048878
-2507165443847016272,-3218153723877868165
-2537147903225410049,-2591880740283973384
-2544168659348081801,-981563400942199333
-2601336507318260527,-2235477648768259550
-2601336507318260527,-6757186783830406090
-2602858038105478235,-8368233727019636483
-2603084423631603353,-313027805586317724
-2606848459253922025,-5048620750583803576
-2613553438789404804,1606545817566471128
-2616811110979031795,-8017577956039686357
-2641455534012602399,-5394935329619298274
-2672968024944275788,-4572531727963415904
-2683662559387693075,3816037665767932303
-2691988890277477759,-553034363122672697
-2691988890277477759,-7875497844975215999
-2694375870796639982,5772408166963214903
-2697164752638272430,1646328740173096990
-2709721777976963608,4617692761226449944
-2712520377114407867,8850287802421613323
-2717786923644808628,4684136178543920361
-272692943151648807,-2876928812877083007
-272692943151648807,3973272877173992213
-2736739495286278066,3444278729159612891
-2748653564063698842,-4973406596208183421
-2748653564063698842,-532101202893063587
-2748653564063698842,1831316815931471761
-2751565439554790006,-1158595238648146194
-2751565439554790006,-3489796814539735456
-2752683650109122178,-1879557364415817854
-2752683650109122178,-3300744927203655032
-2752683650109122178,3220023586003852984
-2760428748879939536,4260781329409109468
-278171186613223345,-4962938268751300113
-2782146785485692411,-1970645969775913232
-2790711806531702298,3617132844034486328
-2798110259984080641,9029071372435451172
-2806352860396676902,8667041055038601763
-2822682654202158051,8738602982097414774
-2854666264547862173,9215006620783294849
-2863746798098833389,6147734592097150527
-2875490472271906149,-3167346451173618212
-288937207221393106,-7045445076807258768
-2892734783295116026,-4166526563632267151
-2902734335213258883,-1073658952797588806
-2902734335213258883,-5578399437302795849
-2910438087563124554,-3464367305183040498
-2915957509645559402,7105934336027784520
-2932446716082210571,-2483368998347361758
-2946433420598819149,-3819322741890973653
-2965529071478572049,-6739192391814428830
-2967033824326747470,4656318554350861412
-2967033824326747470,6523224346877602510
-2978329358787521097,3375508742123375842
-2978329358787521097,486634529290127539
-2981186969745672370,-8076445648267634531
-2985133699203665471,-7625496020981645338
-2987591980139819706,3370721326383560214
-3024854860911702233,-6978559883527620996
-3029500509746427797,-3833769568273917128
-3032623483563857408,9067440807315798
-3051824286880523294,-5124279801018824543
-3059034822936378382,-4689770046473583698
-3059034822936378382,-6254031035259799197
-3059034822936378382,9095597634070735090
-3075916678527998942,7558639437966330311
-3096803204043767181,6811963498931067817
-310499392669386050,8511790291279842036
-3126805447344668554,1256977472791899667
-3134705237534885170,-477100406865839811
-3136825235519823966,278174674110070588
-3164291408645205421,1786363522699421275
-3170948572771863940,3081013149214052200
-3187425323858985222,-365963714514924449
-3192891244482895802,-8975249470343066446
-3193757949698372789,-4489563598612811162
-3206989122444453354,141488674241865632
-32196112108293072,5525961177881778435
-3221410070439453123,-2253729352505513881
-3233135093948489704,1189144562190711841
-3248160410885214929,-4084682172269034739
-3248160410885214929,4492424847525316827
-326803053052709356,398453929291769654
-3275748390754959327,-2674415487461222371
-3288033004337129373,2826481516300985621
-3293781477608333188,4338901105282297598
-3297124472183384305,-4938786813031803032
-3301611133313746508,-7518648714811498357
-3301611133313746508,7421178974169002595
-3323742130913111300,8509034099913029412
-3333991894465110956,-285063684464873985
-3339591274544518199,8848833518504648008
-3356350981865873388,-2740945815988703801
-3356350981865873388,-4276827624876098731
-3379186439343689574,8413666654874767261
-3385074482612857663,8163981415076441358
-3387562871143103636,127862370422905158
-3416511483972286488,8831021158554154567
-3419568421201878479,2652168052747920429
-3420413652038483319,3137380318950182526
-3435576431773929577,5691543373015660523
-343640128164683627,-6393392122717630003
-3436604436367360965,-3172614718718578552
-3452414994668152346,5577531148100722595
-3456805632437394321,2015761722206736289
-3457802417491951671,7364048172707466859
-3458969978450493702,-943079954694889667
-3471415398394329880,-7732211940778446271
-3475829439547894345,820189069621952041
-3477949714294041257,-8384128034769979995
-3478607571387020229,-6136696511656675599
-3478607571387020229,8966997972841952396
-3479313249581870278,-2879181768963652360
-3480489584957108747,-2281541776346921430
-3490828001246367603,-2535717096103621416
-350275333026710650,-1073245555621874438
-3525184084122473450,-3571481428374380496
-3525184084122473450,4004110991081709670
-3547879527059773433,2388455674206736420
-3554109274587299990,5984978190584127001
-3574144021954381974,-6537162847493007678
-3574421906175826282,1996635974705105857
-3576523005584906487,-1595273366274480426
-3576523005584906487,-8384925464586442334
-3578058197398906973,-7967592560825405616
-3602199986889991783,5770607526959185911
-3604858602538845369,8095418183055981415
-3636442091869469614,-3015527328757337539
-3639171704610711583,4932780795169572747
-3640893909449392570,6381788203574673634
-3660859546522110694,-7421768312144507617
-3683089024013381266,3210145075915402482
-3704240903422803425,-3916607182185849477
-3704240903422803425,-7507938414621057070
-3709830477443167086,2445712906781107485
-3714990549950985920,2500148647701384947
-3715358269743843270,-5185597884087107761
-3766827345459971719,6938270272629350408
-3775552269039172390,2347129692293494859
-3786914617814663769,5718836685631655813
-3787289434518593540,-8681675323404540260
-3787863958995928412,-2708381119810025129
-3796430777697737853,-4544846266338903357
-3797993674278893944,-5106776451186426149
-3799007217938863840,8894753505292226206
-3800869454050450655,7290008829141242078
-3804417639142070438,-773147994625966912
-3805661084166073432,1710592758275695211
-3820653914895061655,-2677036774470411904
-383182931101252803,-3976451420345569298
-383182931101252803,-8136993763815602331
-383589448282433785,774936676451695266
-3839565268044288443,2619245702638280451
-3850938887655675480,6381463259235783781
-385111472526647602,3539465613172409056
-3851362654048833338,7940028283277469444
-3852988511710968127,2341995838780408704
-3852988511710968127,3736778852970504198
-3903459627869152571,1673711720883283631
-3905729761177104710,-4702284588210271
-3925969827549201828,-2303012930152914551
-3925969827549201828,6600841551831435515
-3946604457766726695,-8492748212582241219
-3946604457766726695,7998200770847038873
-3950620673977879526,2834705849287186249
-3951928942993306928,-6653163511216082416
-3956157202399230731,4494035998696274774
-3966188699996118133,-3185072306457723883
-3971042931745235988,8704779525060536378
-3990591800156320344,4224734941496814393
-4001090593069787124,3564129551237869770
-401518528599362625,-54866567149712136
-4015219867669371438,3429126204808791323
-402131720465543942,-553529150642111680
-4046807879058110307,-3584077533883971606
-4064192585535100662,1641505710280689112
-4072980292412653280,4153682945611035663
-4103890852818119742,8946856175241140710
-4107969526205167982,2054106721668343337
-4119208367708772430,7730545755710777313
-4119541170262116766,-7175376990874043557
-4120359668259530916,-2732691630586266492
-4120359668259530916,-4434434284502264090
-4120359668259530916,-5597905236987116169
-4120359668259530916,1283928372009501554
-4120359668259530916,155088958547593712
-4120359668259530916,1656683068190821676
-4120359668259530916,3390951349437731520
-4120359668259530916,3636029808167129914
-4120359668259530916,9003848038110995083
-4130186435783808622,-2293782091377614449
-414203522053388900,-564361990222231879
-4142412192248660339,-6144476104687990114
-4142412192248660339,7950793703464263129
-4146087656711297106,3764697924622035855
-4154694938624488004,3531542126794645951
-4156995089197398682,4519066871672030201
-4156995089197398682,547788272218908130
-4156995089197398682,771938563909750617
-416342269517838357,-2087348674559063872
-416342269517838357,-4285818375920960768
-4165818711186554129,5178117510835289923
-4181328956573262360,6727302340534921413
-4194908764927854122,147201943787353439
-4214798237074671779,-7263285363178524371
-4214798237074671779,149258237297638188
-4219152884288536853,3915617704618447228
-4222368911221326940,-7869636798137417218
-4239632189336215160,-1651633888293783786
-4242605745362619030,-6672410223588852163
-4243718352554975354,-4127926921522239726
-4250527281972984594,5528909219896064438
-4252482044742342498,-2774846475194529698
-4274948091335047837,-3571233815030591941
-4274948091335047837,-4422378322625367908
-4284044663449422341,-1125308838634124890
-4315947309213781022,1579297232209737799
-4315947309213781022,259942138377215226
-4335950136539347093,-581904875773915847
-4336028647790135656,-4722098551609880616
-4345475785226406539,1130759009775384142
-4348791363376271767,-8211047146984221804
-4349379905615940691,7528420243477768987
-4369339959731820650,-2764011791867396614
-4400388151836841645,-7405956655798888443
-4407592495582115437,-739778597904080415
-4407592495582115437,1374488517896840607
-4407592495582115437,4543488919918683215
-4407982775928116024,-7245984230845927976
-4416958151010586718,8362028915759647728
-4419426302178664879,396573827447105578
-4462522994067544866,6838496022914726826
-446928273455776718,-8270714623060760599
-446928273455776718,815054376725960557
-4472848772187503059,2970366150984250035
-4506552374741615264,7178450506591146198
-4547623880950306865,4098112340139881058
-4551576769743647575,-7250022480355329482
-4551576769743647575,2579419429971312657
-4555720305161943773,4617627416189452536
-4564180372536582707,-6525146266415881094
-4567945860603702378,8745195001506552244
-4590295237472714885,6292389169419026620
-4600576794835829120,-6076380415023521785
-4605176568775995309,3909366825365103863
-4615807442565048307,-4572974748707162592
-4615807442565048307,-6453295629462711337
-4621520672021408353,-499638875187241299
-4621611704288778951,-6308065043975364505
-4621611704288778951,-8503170951985119075
-4632008909947857169,-8658931529387015455
-4655368799752458536,-9044348840628813977
-4666971263167977435,3631052685189838473
-4666971263167977435,5312262875862228160
-4668597596954102491,2166282845221276336
-4684554875170161710,4358422041203703834
-4688778400978069750,-1307603783934666991
-4707343245061581493,-4471082709706863599
-4707343245061581493,870521873180363334
-4768453474497304481,6923745516682198181
-4774179138601259772,4072958862652573508
-4774179138601259772,5304849964740872434
-4787208135909733506,-273514413691122949
-4791796281693797647,-7125800256264191227
-4794397285593523522,-4567818566379923770
-4808436501127669046,6468438220872399386
-4830527760455338312,4153038829108919236
-4870404295016982183,-3615987048019321967
-4883693820355227528,-5776746351342824190
-4893087064404409710,-919617131893883201
-4895318346519904537,144524192835101630
-4907288523850933020,1419248541700992781
-4927984549229660168,-7510604765053616861
-4930429671102853621,2492644223126620533
-4944944041538440076,-2302893325251930944
-4944944041538440076,4593474674363710159
-4947255228006799387,4079746751939850121
-4951430219518745530,-7305926047331124684
-496687707235461266,-4714944276966997382
-4988590172056167697,-3145345456678419995
-4988590172056167697,1952594588708215152
-5004688462828574220,-2572795240417835346
-5004688462828574220,1665299467875650275
-5005841396899317013,5065612906521082390
-50138955727552940,-5936471344468160553
-5033758884053994327,2189777846727195934
-5033758884053994327,5937020783278185802
-5060705422579081584,8057275155497086939
-5066693090607401377,-8174916087052043657
-5072708014417233646,-3181939809955854719
-5122435033248096943,72758072119825345
-5131117650085918173,2539043804033154022
-5139450359276383321,6231086192654415344
-5176151553440938546,-8849738945751005252
-5176151553440938546,2094607814073395471
-5203798860624563646,6870818689298655319
-5216850974052239010,-2103186169628177236
-5216850974052239010,2157737145110482780
-5228527912304523420,8097881392381953293
-5238002868304233916,-8495601340972539243
-5243301248719407372,7462625991682882228
-5247269489318700119,-3062546079991868773
-5260143201129543966,7629353803220204145
-5261813098167720543,929212171623112672
-5275501932300756675,3097642361463999899
-5275501932300756675,5509119187481279610
-528042007920504690,1959096482265768896
-5340031364272037963,-4980456924923590179
-536305595817208646,2156341278290378647
-536305595817208646,3702052794593459022
-5382895853412664804,-4736848139919142894
-5382895853412664804,5064226767819540671
-538732814734765644,5227978895242950161
-538732814734765644,6888433315438993439
-5413957217959937357,-11342093769554930
-5429179292172378118,2879651487694629049
-54416059474904036,-123392589330224585
-5443821902408358717,-165175143675059854
-5455159160923831477,-2235265440558158958
-5455159160923831477,-3757125595274082746
-5455159160923831477,-84033173835923990
-5455159160923831477,-8452556945568374792
-5470203568305976849,-5391556376380762849
-549153637623841348,-6820406671873522615
-5503843831153448899,4684113665197381352
-550470805773343307,1492094607403766049
-551144648598179520,-8017425387568474848
-551155523979194821,-1295271809549076636
-5523769652074678751,-708000705460251685
-5523769652074678751,8957723186280689657
-5523962650780592372,-3115873034002163106
-5528780002717819708,-3166292406657292009
-5542782543236743456,1196458717508671199
-5550460120749543900,-3996672587925836168
-5559816221785477832,-2096207892879431069
-5562804070005966417,-8294431779044832743
-5592727621307305889,-3246396360138578499
-5592727621307305889,-8751697654350009480
-5599606145355721264,-5918121378551534464
-5599606145355721264,-5964417847279998440
-5602332769101918311,-4669582037568983071
-5616651837559352683,1566986306818599975
-5622379382710554434,3264157373364740319
-5623680024199529218,4480858798821021710
-5626721782981147580,1810104863358643649
-562679054919645842,2572880192822486839
-562679054919645842,7691726545443100230
-5640463061286221900,-8354800673209135756
-5645168339100250749,1413535239978161706
-564711894688318677,3056523450702778137
-5654985614389170455,7526523380950116303
-5689695189618449725,3825559064706597455
-56902632209868369,5652845590469315619
-5693142129488660997,5736363942032302141
-5700424643426906903,8067861391982334487
-5712558288788551160,8702639937820953231
-5725018195945845499,6946924703030577637
-5734950785545027193,-1706749650705483502
-5734950785545027193,8824895497288802180
-5746467615542627808,9009848001987157257
-5751287989522738167,-102669199469955925
-5751287989522738167,4827187301103733570
-5751287989522738167,6837781880775923679
-5774498803532811921,502792597466660311
-5778729467364795730,616288543735949547
-5804441191941409293,6752129822106556720
-5808882953794170819,8349781534975880095
-5825656238168962893,-2117708754484527484
-5825656238168962893,7922219957571537186
-5825994171412764250,8289434632747577227
-5833326635716383255,6233867571191290258
-5833326635716383255,8932537420525204699
-5839471569191303791,-5350814643333624460
-584299136058981155,7863452960930561856
-585224370196691759,-20129237028208626
-585309447087456584,7616384955474034715
-5855958497628782809,-7094316858018199200
-5875511371108725638,-8033232751305127220
-5888312401321725193,-1935757508464041108
-5888312401321725193,-7164382551849012123
-5896644373877742456,-4345211633265629518
-5897437030226664079,3572422845299960575
-5906079204140925008,-2320842593562472306
-5906524102513892135,-4029533140236158578
-5939138990243894249,-3340548114806636390
-5944682565157877265,-7364731679838113826
-5955280875622024450,5456114152240915692
-5957710062675007175,-3285465501703400044
-5957710062675007175,1162633915182896756
-5974464002832886412,-3999302155158198548
-597914866589191185,-2446459368792512316
-6043865460334538420,6196148017822069267
-6063719966358147173,-2774491617897521174
-6064132803117832293,8816386952528445253
-6071308031811042408,-7250104662113590194
-6082152254164623054,-2676590649403351248
-6086371828765632021,-6203570603866307887
-6086371828765632021,-7113553021094280730
-6111167794423399894,-8529985438228704077
-6111167794423399894,4234498193556975037
-611135950942109800,6472292159568278365
-6119666482868790734,-3513681478698189909
-6124847107616478953,-8533016969559942552
-6133228318571818010,-462703485838141730
-6136065806794089742,-853131926653067265
-6153504091507339810,-9076420688277378217
-6171302303870576491,-5403180560254122578
-6188205066018160505,-1096007311185390910
-6188205066018160505,-7064972448520203103
-6194392332788296729,-7867916483581376831
-6204135737207361278,-2966124706525661606
-621148696456040759,-3887345910134731605
-621148696456040759,746431135167384775
-6216891309732448647,6692146646503049649
-6217969355375367903,-9122587183128353883
-6238508043876914106,-3547714580484042332
-6238508043876914106,6270705919917875626
-626307206748335781,6653309525025124678
-6277902377614639049,-1527443480433424200
-6281018342611479848,1503010165172937184
-6302538354731555785,-2978720974893961555
-6316718459084868200,668397440404932462
-6319759283776338239,3906100458050855796
-6323743729657350592,-4775418564112064931
-6325430276547437187,-8554769784157448965
-6359956075744091473,-6603393037964366126
-6382069691995155928,4380834389059894511
-6394057229529641584,6992472693915188543
-6404271429985446701,7946687023012966098
-6409717918568953098,-6766965585073613008
-6410974557781889011,-8817762022074574571
-6429256662603734276,2925417647063534793
-6429256662603734276,6311005753078500120
-6430846386406848454,-412088708573560012
-6467383505418471188,-3259348204715143175
-6545447292315266385,-8710399502332578943
-6545447292315266385,-9111358146544750891
-6569360828080705518,7835612365450081213
-6571587758520206775,2415166910810440187
-6575138375456591121,7941660144014030334
-6577075278601380910,-8221545120203643432
-6603671907126866524,7908321194739796289
-6603671907126866524,9076501946976885585
-6604223077476856007,5007014645776492231
-6607186309329250816,4635154264401174122
-6607186309329250816,5841744117537732797
-662579147851337663,338530831347513353
-6627076619788405576,2347375202554081849
-6643996025232748843,5856981220807212267
-6650470576561176814,8885270837444040982
-6687089798330904904,-6727344577806173325
-670045992962178312,-2364981129155054851
-6701992012533343472,-3147303068388860650
-6715302389449473654,-5984875739756868590
-6718525883441737564,-4887396326585573476
-6724981725677960078,-5094771786889459461
-6730673854549338982,-6175526104806358232
-6730673854549338982,-8022055621940591639
-6751679372506346283,1820828931453485451
-6759808525719546643,5586127838577596761
-6764672618943735657,1925669975880920918
-6769572628664079397,-5649750090251996404
-6770075174135970269,-2997218603169302873
-6770075174135970269,-4955150900480982661
-6773766757993882535,-4273604383351267437
-6773766757993882535,7112403807760674365
-678538291530007409,7483224571974942232
-6789915770841546098,8758400434226101832
-6823010333397892615,5800003566617103481
-6854915704940542379,-3908501482036185416
-6862651173223713709,-360691871789514484
-6870744052126490587,2577016810840037998
-6885000858618376788,1103806618372671827
-6890254349744130051,-462825381872902701
-6899117804402686367,-7145366805195496882
-6900485792956592161,-7069745865819742852
-6900485792956592161,8865831521187007668
-6901765089538490001,-8786449073072366820
-6904289500925175510,-6543300013762055762
-6925928871207827322,-2358050803270325459
-6925928871207827322,-4707624972685096606
-6925928871207827322,8598981626787431851
-6939471712827629562,5785385432616596729
-6939501136943408180,8505754124930569448
-6942705516383205248,121261078523015469
-6960245426100840125,5618644802912295841
-6963427198301436047,1672910256118378178
-6965408621077340329,-8193148871117507009
-6977750187640338826,-6507151475745631264
-69811541207837224,-4535626735895855281
-6992547024588067568,-164103571243244426
-6992547024588067568,-6598884891715611526
-7019292298761275430,6484677206722743446
-7021924570227680856,-1960486872687488526
-7025968246960014741,420660272802203990
-7042965784318448556,6973667118271052032
-7046385168757196396,2448453482931846046
-7051108901658948781,3287720711373520956
-7054207959225544571,-5135909507065653139
-7056760138977499499,8803526925890191723
-7060336954357168795,4260687571119889077
-7060336954357168795,8799363736786325099
-7063624646518479902,249218185044885943
-7067916532223612118,-3704223892958100099
-7088008841782760502,9184891709978694167
-7151532099088251361,-7683855084970647624
-7154631448413894195,1520123544525004199
-7168556898029790238,-6808698843472409752
-7192894456320267521,-3200984336669435409
-7192894456320267521,5961239142339792248
-720465205834737794,-8785979630607537520
-720465205834737794,5916627697318586084
-7224043117058780656,-8403419224819404135
-7224043117058780656,6863325218953055826
-7228350444721307788,-3761129976802555193
-7237290558261029849,-8180184332685777822
-7257454270756670825,3835624385508221291
-726205653407600719,-4069639639423025045
-7272436428894646418,7758262538381187154
-7292144217281999944,-6162043556529343649
-730886704452898998,628858822169414777
-7319820749739397025,6947321720356127931
-7319820749739397025,882409784236428688
-7340639344109673119,1624666287789053023
-7342936678792056234,3835232492847091505
-7360410290495342298,-627528450716857342
-7360932977317766629,573504776541564708
-7361114724661091075,455416123849555305
-7361114724661091075,5164343186101469825
-7376416138085220105,-7165886505145302461
-7376416138085220105,7892775184799044871
-7378605837919201622,-3009180786446023797
-7385990391054091155,-7104551105439213379
-7400646974044867530,7360208883237799613
-7402636822292936550,502145455275642209
-7404379676363361876,-6897473810421687960
-7426822654667155182,-400725591614827088
-7427310825065427769,-7270076512281553736
-7436748593846290251,986424616319628213
-744909285144223137,-8023627075144498415
-7455957899694443834,-564622145132733933
-7458780249384319832,1319016046669295380
-7459135126769414244,4170099172641992225
-7462464415502887551,-7254313293116378284
-7462464415502887551,4379465579723804437
-746528785794333323,1328941531362890107
-7467024373445400622,-3617342726193405606
-7469053709565865763,-136617291994406239
-7485549887851263130,2224982378077390563
-7486047019276420369,-4292292394904918737
-7500155359566699784,-7203189683436424628
-7502585314883707585,-1946908146927794802
-7509365429796578580,1678939791326832607
-7509365429796578580,6185393776384622524
-7510693829257768129,-1455638315064573410
-7525071765860787833,3737356222334305493
-752576632797248586,-1225918935179385361
-752576632797248586,2712599738150403069
-7527652245525768682,5052442157102441252
-7531952449977025909,-8051171846137055600
-7555134215453188097,9075103152010119338
-7563577705033186587,7875347081687540978
-759968773869862044,-3500021924927760417
-759968773869862044,1821320371607126878
-7626988897266551771,6859103329658484865
-7631965705811317655,-420001595468470507
-764090286797618790,4332385663445363947
-7646334483310399436,-9193767284492795059
-7650742158830744256,-1203297388416191139
-7650742158830744256,-5781426673423254482
-7699070100989669551,3184651153457823727
-7702816199119170017,8856711268665841780
-7706473997775512025,-3777047157816078265
-7707544894487968985,2275982632406789438
-7710028125637756048,5033714383425056810
-7722730690186176337,-4424705345309956231
-7722730690186176337,-7563494240575940105
-7740428202781519067,6266686882279998985
-7749164262873019502,-74442253045917536
-7759111393705257124,-756899664847151640
-7763668568695006456,-4942070634825849419
-7766024805910217963,-4185776197437664122
-7779237114845022955,1741144739586182609
-7839580730409888553,-6563470337904827287
-7839580730409888553,-752304798317064546
-7839580730409888553,2320930462028803102
-7839580730409888553,2964818236697485308
-7845805869487271836,5560845241447984425
-7845805869487271836,7285602529732884221
-7891482024897999988,3364257905108235967
-7893004483832543721,-620096826955663415
-7893004483832543721,1307823660045772096
-7914210056888554898,8698189484173160996
-7942259332699816675,-7607981969206898532
-7949149148548811571,7756267987928860809
-7962174743229212426,-173778598069286591
-7970352785439751920,-6449080337957218463
-7970352785439751920,6222217471837071644
-7982109490943244117,-8352454926945364184
-7983347110418465415,-106460902972636810
-8005206195298701841,1295727113183713661
-801343520152863674,-46871445859070679
-8029987401431820808,4701407918627837598
-8056645611363940079,8109676260367269571
-8084310683547570104,7877764311566335025
-8087054899525392077,5592414837143127280
-8094302900344506208,8538642263134482999
-8096023586992209773,-8062214664188085603
-8119962938096022920,2071726870339395210
-8158903243850817470,-8711684573494227116
-8171376013335485116,-7761701686991148460
-8190001277833535882,7831195867844289660
-8192418912219777181,-7098596530775864541
-8195254345809763952,2185995911534095914
-8204202328227866114,-5849073614184099453
-8211064772472094163,3773542288451525040
-8220182051328460092,-1685865734811724632
-8220182051328460092,-6967090930723157722
-8225508214642677456,3903147451920990977
-8228685884173012684,1797700327993749972
-8236280957886318519,4605492815686341310
-823853800849158052,-2921339920874369189
-8270305688774889039,2357605342455930923
-8272243553253185681,-3283330914458919940
-8292021999757377288,9177276172715571121
-8293773804784636056,6059488275514105038
-8305210204181417738,1458146686741054365
-8309717774165463471,-5881405254573727130
-8309717774165463471,-6127959145434734247
-8310798488094515097,-7149117607260143400
-8311160678615428032,-4750026862601351393
-8311160678615428032,3125481191465528276
-8315404396236022254,-1038857901848332082
-8327399780776631493,3562336842700939783
-8335064991188879922,-4684983289752968194
-8339368000383303832,-7927395931683339685
-8339368000383303832,665027469971219485
-8353432331277594439,8293409950208722267
-8354154501944720451,2677486761841139381
-8356201221442522430,6918338574467564728
-8381485351055023678,6853106884460032768
-8400799383514294475,-3203354681383149642
-8400799383514294475,-6494946595182343369
-8425997615194925086,-2919413809821567451
-8431047634460389314,1940253653047261331
-8434770127871663501,6917548426957974293
-8452958551937031096,-8189879584985958176
-8463006003075580305,2145123595899890311
-8480550268316259604,-1491405949632315948
-8483048435065580103,-5172334947281651637
-8490767218039865446,5062242609438479878
-8510244371182201110,-3680311570631047304
-8510839475545643390,3979399482056719065
-8516572743620008453,3372999629886248772
-8529732551505289733,1245275637660869591
-8594293606314910481,-4062982258357699877
-8594293606314910481,8024316503340337932
-8606108725729957957,8366616954140017440
-8615887289652313105,-2368621492723094415
-8616188726752425325,9070978392865312568
-8652539765452180042,-1095644507808027845
-8692269247325783956,-2040770251666765511
-8692269247325783956,1804755186155250622
-8693715746066811773,-6612631914038754662
-8706492629561700427,-8195426194743931184
-8725924585222584917,-4469913449568444955
-873451632091767396,-3201619655581620897
-8750853446058914210,-7129820839468001199
-876620833449531419,-1067539301780349132
-876620833449531419,3101268249704437815
-8766728220239198105,-5278723746221514203
-8777263477002077937,7238882253021484440
-8784524031699124754,-973627969734215659
-8796863608380017517,6932353450032834749
-8799175008552491324,-1541927904299675347
-8814357070368877618,-7592089552475007710
-8814357070368877618,6397880317727404936
-8822422487867957796,-7400687786908208218
-8827487531632087564,4144876542564721161
-8836000362872301148,-9208262717951608735
-8845795418012759685,96033619292221471
-8877070385210737620,-317373495802488338
-8887754874221473459,-3460684657578412555
-8902423233344089361,-3079838497258261123
-8910598411957570224,8165605834601855332
-8921295125492787730,8883011199608276299
-8938020161771548312,-7416600130311924945
-8942002772218667663,1784645249714843698
-8942002772218667663,2223162059206462010
-8942002772218667663,6234325228916234559
-8969258352903145005,5884699843310660413
-8977207726015292039,5996476920067090137
-8983103992639691618,2073349753433678960
-8999750500256038556,6879155728844107625
-9005736559332872202,-55597295818499867
-9013847691712845026,8243768592729226720
-9027043556945873864,7421204169693288971
-9047935680874034264,4633398950349218500
-9060837979031796640,6687065510255515231
-9061414794415159595,-1888021037304485723
-9071725555715325195,4521193686961585959
-9072116070895279382,4975533252659597539
-907342816762255697,-5160146008239725250
-907342816762255697,8055773244614787119
-9099537047078966039,-2739504572629855607
-9112000790803719292,4216180077288618175
-9114937359477288053,7033727712023665402
-9115582390191074855,-8532937261557195979
-9117798595315904918,6159812157477098395
-9131270751356298909,-6938055885820866874
-9155725222669135248,2351051388269760682
-9176845751062783800,5219707460477632117
-9184188590694558316,5450672894990747251
-9185253465190393128,6496764704644746580
-9204810776410689971,-5833315981128899255
-9211784292672386630,-5780350211361397622
-9217977631319455954,6310627557991416265
-967797740058242365,-8356760015973113734
-999724581611301322,1817745421364335779
101323965527486313,1910367847645201858
102661215931398643,-4848536038027810151
1040144692185912957,-2960313370457078660
1041507593521961459,-4621135159779727493
1062627443296262490,1075667570316960236
1077297283815258759,-5913369110352153395
1085797824928161564,-7274870136685926101
1090860198855155802,-6571374337447135172
1103318781004267793,-1338221375593636167
1114510064633066125,-3569908093985509114
1114879730262641332,803850522459657304
113093459898070351,-2142711693851349904
1137588681610596252,-2782862144439568175
114245189483483330,-4958542881347272130
114245189483483330,-999916717065371744
114245189483483330,7257945674569958789
114245189483483330,7516326206736095855
1155439958898818180,-4029749186570373054
1185242516571685760,-2343680837391197696
1187082100326101031,-4436555996483493824
1187082100326101031,8079858792350172941
118720097399909586,3584965326490949427
118720097399909586,8135779580330686410
119083284413418957,-7252590768750037903
1203614587227489925,7004942906542403944
1206067225934559146,1973175656700977949
1222261876669975601,-1458137172677127386
1234632194709690984,-2499733032939171653
1246709914263278711,8504065421381823343
1255328077585283009,-1757295970075895584
1255328077585283009,-4017809827672913303
1275054500349485695,-3458660855619984424
1301194972848606320,-4560591724168495889
130132312831921956,6224339951165256788
1301593471840012655,4739864842577498232
1339222179841653883,-7267103759426310155
1344774650857640355,-8943317938710813860
1349630074276472719,1078348966231119301
1355257456937150981,6419191982562757231
1355257456937150981,8406907562948298733
136596071176042548,8746126631119558480
1376831377905645720,4353141117724980540
1384687458771804116,-3009258427659578016
1385495601574741380,-5601842245361593222
1385812326461092617,870575896251202276
139700600693752687,-2969462863067839204
139700600693752687,4367788679519222665
1412699404039191874,1379437845306733350
1414824855526351902,-3878408212586966303
1415147811712858305,-2905661026719097824
1418258274907847257,2381092652347032335
1441346690955188579,1362476049340532767
1449343465771236109,3147928100391670138
1474374234008727140,8900559718470642146
1476819259354731698,-5566048341869624072
1494303165413275868,-3963569059122034228
1494303165413275868,4646946600787269227
1499397273595878695,-2294294426611363569
1515016674596962838,477252590049832854
1527103485061666696,3045684246232505419
1538469796242954478,-4287076037504055841
1538469796242954478,-8357379994567511366
1542480227604926747,124682176842059820
1556063272901520357,-1147102915126233548
1556063272901520357,6272731647124552328
1566743467029928015,-6143123455824755386
1584134427705395798,-182400201638522554
1591464354631894534,2419163750141567911
1595317933460911815,-37384841777884945
1622707288499191080,-8172352780268174443
1624435367675299724,-1889841876344938211
1631845197693845387,-7661667488332724430
1644327616170727906,8531807165653369567
1682241111592799699,8006859006202206953
1697612343027319025,-4096325068184445558
1697612343027319025,-9146078008576354501
1697612343027319025,5030500293811823307
1697612343027319025,5572571171309179243
1712151281365406762,-5362675294533054189
1727502241711676579,4700961614404065227
1739211381406257349,-472397758224880166
175045175056035358,-5777669904739573622
175045175056035358,3541366089492245176
1752360358943899965,9013523493150803439
1768623588865476597,545215922476317596
1779602202203323489,7918168451682649628
1806868148882618869,-6827926573450704210
183864158161948746,-5605077312718195129
1855989929103426275,8862405435716493152
1859568715903869417,-4124933920398797251
1859568715903869417,-8953748802583889742
1902367454491329520,6435056869218456580
1941743949542358748,247573559633194609
1960100072462871073,-6731831202153985517
1975821196818006678,7577617874423708487
1979603800008354013,-363918073449360834
1980731746909156678,-8761355856922902263
1983669542023370534,5114143292695739758
1988804437514787628,2645173955331046682
1991572185146123368,-1599613795889879846
1991572185146123368,4077794741362110442
19952158686395663,-2197859298781890636
19952158686395663,-2365609008261295383
19952158686395663,564302750208618923
19952158686395663,8607246660739729261
2001368918142690347,2083945429084671607
2001368918142690347,2671081935658710882
2014605082166299700,-5044190362413720098
2018368184674949124,-6501905606540171376
2025006336959230251,-2031322212946485172
2040828890876692863,4432416996761137048
2042223105737322951,-1868462880999370963
2049415768249920953,4062657277140925863
2063927159013267333,8598364256351986660
2068012493468410897,-9028067614889433593
2097725016855953358,7779767653886412098
213535334169205753,6308481235710064364
2139495547077528771,-5299549528133473218
214252260831378713,7421380636727964683
2150340902122194820,6534602664803169885
2154195186891380584,3497196671153947399
2154515148943957139,3932912332257375060
2207551078321227958,4707789021209980774
2207551078321227958,6695671539001756238
2212656010628977358,606511610426115863
2219088909621988445,4920218520183816101
2225809819534919888,5677859998016227247
2225858324619762077,-7450453155745515041
2230974273455674499,-3167200654312668495
2230974273455674499,4741003222830319897
2230974273455674499,7353903084144890038
2238668465929487070,-678051883871192969
2239086585040033445,-134356329769457456
2244832132122917706,-6971012129426403118
2245400028419997165,-3711041511773148715
2246736956447127630,-8643231605957157195
2250597794136436334,-4175562837492945927
2250597794136436334,-7922785545069898457
2263589494593499256,-1456890580933661677
2263589494593499256,3751615274911960141
2273578168919374718,-1603393628412265526
2275037856542648093,-2743036623694962305
2278124943771944690,-4002746022291945761
2287275657216198378,5561729240776485466
2287806226887722126,-1127136681844466992
229524060057031251,-5426017918377158522
229524060057031251,3789190183053274270
2302722953014654203,-5570940270250324300
2308349691615207240,-6858446104960290600
231760316502935940,-7113389775630484668
2327291233420534269,-6257195088266917801
2327291233420534269,3716262919107465666
2332801394674306630,3321694553158035588
2338747596229152213,8193671723875251469
2354929092396132603,2858633276222205175
2354929092396132603,791053742070911613
2355428990225415008,-254559951184654326
2355428990225415008,-4037578393648254589
235976114648856220,-6514704787765579742
2371257156799913059,-2116329319185730472
2374894142791410460,7674771883310808723
2394310834326205450,6976956937703868034
2412477134457018829,4005889391957864689
2427325050177043277,1100979334012274151
2432662457271201447,-2469164392934229260
2441425962387900832,5158788571983107243
2441745781013664789,2346576104322776507
2454010409624760286,4432324342314643062
2477642184457319161,728828987347417873
24792979341679940,-4434870467702409120
24792979341679940,78144991729944065
2479438824663876245,-3230616893299986544
2479438824663876245,4902915267750901059
2496331035638270446,1112947996036516543
251200573941277777,-310574571203731142
2518255834411874186,5174065372468794439
2522988610427549061,-973884046568282460
2545691037082596735,-8975161178620852342
2545691037082596735,3146107136209796049
2547649161228236378,-4566738412442454783
2547649161228236378,3159983864297304844
2568987152038793231,-6192586254833025832
257418570263621624,5274747351350965789
2574264568021659286,6691918587455661295
2576060391376278277,6215113935559163595
25898187328364092,-7415654047009278463
2597210910667453047,-5760466930161277893
2608872418480703255,-3270466760871420099
2618952235449053299,-6207078296638014634
2634845903015489731,7572015854716243891
2637277491347179472,-3589191630108419566
2666189644816766942,5871225235312893913
2666189644816766942,6986388876448396153
2666189644816766942,831315561734128166
267676696738410346,-4682673486791286191
2691306214263224074,1910446290258534345
2716532860150578799,4887660733486404251
2722119570474208691,1957569857563286280
2733417209762040309,5153406334586248646
2736592101305951747,-5426511658060728578
2739904368594187922,5985435801348754319
2744447220264764054,-3413118838151123471
2744447220264764054,6373245140634559290
2757911803474177026,3465183487362471330
2765203883512559370,9026474320775628172
2769343056555957221,-8927512447820920913
2784192653986169203,7430339144285747451
2785852718405596462,-7234140321543907270
278605953418758510,7763852455159832903
2789632060661319540,5442088787280038903
2796954137877981092,9050223457894737078
2813379405254278978,1732658130141808498
2829572136365704915,-3689313977166446151
2842139087057185214,8341245785740947019
284873972321080808,-1061875818220033377
2869378010420797986,-6466305965329754940
2891321262534563814,-7714700829237449693
2893241539178726063,-3923110757233656087
2893241539178726063,1617869103051002588
2893241539178726063,4622507391844459199
2893241539178726063,6812094588781957496
2901173171635857235,-3092893295950733374
2920207852528633316,3078000741290484851
2920207852528633316,4252882063220222575
2933887136229079048,-3231843449201771967
293446485436086094,-3075714458425741175
2940454918993357451,-1297139523691772580
2943609582068206121,-1089231455187734474
2945198419902150049,-6266736654550951756
2946166092140623330,-2438751639545559195
2986985392587735476,479873211689399131
2997981031611389190,-9104764725430628568
2997981031611389190,1189748589231437064
2997981031611389190,4902269271019684360
2997981031611389190,6627054117730908469
3014755352895353060,-5965088607430980175
3019325193835703444,2472654618046252188
3046511157262601445,5344144581213178409
3069509376501888317,-8362932749587460041
3074902402022985825,-7152563347783867353
3075125619848074923,-6414131895688105846
3087544965006624264,5023304017062314954
3091208065752544836,5277675817294566714
3092841774757790699,-4816290154091541907
309562766132404538,5075082668260353770
3101155426004477363,219778371238868868
3104347063332881763,9222558198674592815
3112649773933609031,1921032179069352306
3114325491944432554,2900826645883839212
313309640926948339,-4992080877532087498
313309640926948339,5370075391417833393
3141216283660026229,-7286540792812791904
3141216283660026229,8706077700522751038
3176763654754422936,979515140949981680
3179403131168471038,-6847242648532331484
3190834516191035438,-7354768872014406338
3196753327521691340,5521579089824321648
3211016498785205901,-3787048377188189338
3211336167602741896,-1494179749244629125
3211336167602741896,-7638081762431386949
3214257521394032949,991869048394558102
3217727377041878228,4204723660277511978
3218738070675214914,-6020329991576117398
3222559053749540757,3626797476453651840
3222559053749540757,841625897044576763
3230435084228822522,6676332843973597661
3248777437698496744,-3533316128510691378
3252130164148792326,-541639242576134060
3260866390283222916,5181338241901665466
3264372781434381133,3567133394686761959
3277695319436588106,-1545841448753300367
3287528277361114766,-8669348429807818338
3287892551898469159,-8239580845589742831
3338261977645548225,7867815485480597558
3338354847249879942,-8523050526493262185
3370203144667532169,-6994919671180383629
3387112114652195113,-3292883792033176208
3387112114652195113,4075365213348508734
3387897269703670930,4601506996502009604
3393772086869025458,-2683947309741135079
3393772086869025458,-5192965298620025345
3393772086869025458,1960389112637030269
3397862050212582448,8095508875285187970
3401350355472817335,-4187856856424636285
3401350355472817335,6012713274382009894
3403850820869574149,-4221041776792962984
3403850820869574149,-8064009811730258716
3415587786537264504,-5047701075107314665
3425262465982026028,8292919233085704650
3461796644467144146,3495043258147898663
3461796644467144146,6349907836676444020
3472323446097714673,-6272334741764660173
3482490924501683510,-8906821251754591133
3515048259504941744,1897585012750596051
3518252926368297224,-1675333101340506424
3518252926368297224,5753549293955817006
3602883682766379095,7629676370014814230
3622062165012185716,-6542330502686951911
3622062165012185716,1609455786844122679
362415406436508775,7353662233073661122
3630795419035594235,4692724341684681316
3631791985648197863,-6110105583878225069
3634074472611942318,-2279722243848819436
3635864956477316681,-513905065180630586
3657648764394440765,-6558277343168601216
3687193582424969608,-3672739993453376175
3694940044310506878,-5663932365646331064
3702365329813277206,949466099219821499
3725906901751661042,-6170798374398233181
3726629545244819033,5429206679026188217
3726629545244819033,5902184640821600227
3734745177542838835,-2268047646391452327
3734745177542838835,-7732168200027938258
3740562279177058810,-584008850786188908
3743174232873085105,7463643953603738663
3745375295147245365,9081258909164227342
3747255166632502813,-2304963908311783926
3760622968859202244,-7632096886808892596
3769246576936476309,-8727316677679163998
3792204533532135624,-6061437116020131068
3814811391406493465,259535036718048334
3814811391406493465,8859346723469932380
3815731193080740282,4465355133180673103
3824028249318154950,-7745746692884595334
383526815007723799,-8548637576730693625
383526815007723799,6812629844452530783
385244362857484315,-6841734291757294431
3858733826370198538,8984670698874670241
3858815802936337801,241990884245940849
3874684373336509448,435551595154055588
3877252882754369478,-4744548964271017968
3909512661275137004,539440176687202954
3917872310580570596,-4442592443469265146
3931646847476128363,-7812741230373669924
393682703529453056,-4425456106748821402
3952914492418261141,7249473726113251735
39599353821509051,-8083615190751737105
3964696449162005277,-738539801734193706
3968680975958681532,-5248671253940780507
3970517361194572702,-2591318666768236266
3976357955362397528,-3634945066990410742
3976357955362397528,-9114883344179857477
3987342618479069654,-1320082216665570145
4008323960038764859,5752138230955935638
4015855235757221629,-7611197588964946231
401896775578056579,1949799067608277067
4021704367292615689,-5251431488517040574
4021704367292615689,4928305748074474365
4034803870326320648,-5472720059793736501
4034803870326320648,-6654891416159704543
406399682493846360,3524088024370664646
4067469688070907334,-6152284907307146376
4073753058359301437,5910737465086201498
4073753058359301437,7913376560795617799
4082129791286505423,4720674869626490128
4087128766662928527,-1755564415334130777
4087128766662928527,1240165886793297705
4087419105238845327,8415328817782625174
4100357984053721546,-8663691511673330231
411986835298710120,1876429653584992923
4129071787471742712,4283482501679581459
4142865978529631932,2218734536661847503
414477727481361224,-5810182231165855036
4182619620652626531,-8440596368668574900
4185777376170305639,1479278717924815461
4204326030594871709,-3196272723544462940
4223074427819360638,-8009288389236617015
4223074427819360638,2568454658473226773
4225090481574492860,-1064597097524233430
4238174904069217678,-8499521862664560165
425361186848649132,-8797999032621279954
425361186848649132,8310264704342087206
4254246773544451504,546176505885000310
425923376536802336,-1031621687019089173
4279824976492177689,-4417477931846650237
4281773748762917230,-4762616357075901135
4281773748762917230,-9174580699861980799
4283601400365069250,-4827889656480712205
429028400580393429,-7109048563351498778
4294562224364163282,-3977621601027992501
4294562224364163282,6495654263114180515
4312210765721758078,3277849186702960504
4318242760243395492,-8807497077305722535
4362679430459869712,6367678041620748238
4373286183649762969,6589842920573778006
4387134378210549625,5216540705153807990
4388444397451040327,-7889123364742040292
4388444397451040327,1015066580519799000
4393234175324491045,6203049904849064385
4437289553663068237,314973971934368361
4438938014469891907,-9216178138415403237
4443415553306489546,1414253703412139393
4474842079950692814,224069696621215413
4475511517963513438,-2481678892206814502
4475511517963513438,-3642320489449555996
4484644006100519491,5596996905584619143
4488218585928757615,9095909507995338645
4489631871978258837,-3845965256145082628
4489631871978258837,-5092548643222733734
4489631871978258837,4325201059697274985
4501338017935707251,7810940841586320670
4504385620942731705,-8291951088267603734
4544520716792501112,-8798954697388125608
4544520716792501112,8434055720755576490
4577228342278461831,8589662004321478860
4592040146282367594,8893843382104959173
4593583178741897461,-273455100719717952
4629009373923280370,-924653962241596381
464215335986251149,9072438361837159095
4645437747485776563,2817056243152806090
4656908037919210133,2822590810676358318
4660255310619267547,-3208092662585616203
4686229793179236670,-4795871480133016328
4686229793179236670,3244470572553847897
4691717520061593223,5997185426860629502
4714434238568007903,-2308410415455843951
4714434238568007903,-5277027575577394000
4718348735697610566,-5614317706870550769
4718348735697610566,1442537624002865568
4723956061000727177,-1711754345030909415
4723956061000727177,-8606638133543897361
4729703171701725533,9094763081114840114
4742928449324085971,-3130066195778154709
4778026171075562840,-6939812266450383342
4778026171075562840,4932968802559707857
4786682057465261792,5118612539138786325
4815938141631996584,1946531280583321869
4830774899231183230,6590622910995226392
4831573802566497219,7070107727868716635
4853942653752137571,8067145808603052926
4865916195070783118,-6354820830598684438
4889673097640433621,6974970001796304998
48980699107468187,-3100943256913972652
4956888367495112706,-7381552593178273034
4956888367495112706,2413994755120110660
4956888367495112706,5426759795800280258
4979418974151062137,1336059121517212400
4979418974151062137,7867477371740769167
4991287131723396113,-4782604980046494633
5008987250490803035,5999895036041663943
5014231552894042891,8681823723904840250
5032675865304697677,-7490897340248712374
5057502840536211468,-4064506307225619366
506836978290063093,-2144384249908529493
506836978290063093,-3892049097096444609
506836978290063093,1192497426234763694
5127686395105224628,7199204573594819226
5129397705347207946,-7894212988699891162
5131072702848184477,-5723186032350045787
5131072702848184477,6050100413997834622
5158837766335103330,-2720382480013791691
5158837766335103330,5613215161203207155
5185460834039336910,7644866630592555382
522443459859792615,-7783148282123279193
52337116688423972,403449040150853987
5239758964958927486,-4624716062984305643
5239758964958927486,9121755233884838311
5245419190600661160,-3449874632827446793
5270208513101692711,-1691815406882609627
5279666761713298888,-2946333659945925057
5279666761713298888,-8960355854913936747
5288608847033418792,-2762203889276228099
5291356687093686053,-1932411140035382
5295709943188406658,2205443070825177100
5301839812193927617,-8764168533769651334
5301839812193927617,8191198039865807792
5312050878962921728,1746891537114762405
5323254827116436610,8075449733202134750
5328303357454405416,5240354556961111330
5330710041835990686,5463456263098682450
5365972365254533306,3643372867031326754
5410641658190539750,-5775870677100652930
5419691665756243509,-8618647948907082275
5444065239874321495,4480739196747607496
5449119185286489658,-5741815151071809481
5472049807323206874,-1741568793812290626
5475708807605975418,-17663624380082493
5505789245139543681,-5379727170509839254
5536178244317463180,6239776783575898296
5567904085138858545,-7779760915383558770
5568808925566930462,4814821273769978697
5569016484952215793,-3375816824372055639
5569016484952215793,6232906272882189222
556936313611424832,-116303582041298683
556936313611424832,-514711975147811356
556936313611424832,-6331442033193401113
5594115607984570881,-4410023353795748922
5624012198740935262,-7541291751646857564
5626744881292048137,-8073329934529178375
5631478263120236066,2574307980702123020
5633067346908473141,6197351792808623519
5636642653527974160,6953101718999240271
5648328712419585849,2116949459481506341
565519665876616237,-2793271036546956505
565519665876616237,-5077298015421181284
565519665876616237,5453113540175008954
5662134219576787038,-900894957345151507
5663482700152656201,7542057210859769988
5681496341703196287,8439789551905153523
569753843404069991,8878809965065126263
5697777344577738673,-8922891229707735938
5716060487541919705,-47413779470366517
5723089396864716739,-2826755922390072832
5744729869110854943,-5553138112117175692
5766886173469953726,-5680914310290518486
5769807276196853269,3935637196352414890
578828956914237871,2688411603062687596
5793374070778545872,1508991743932204167
5794685029626007974,-3856881371903967416
5794685029626007974,-3906251606695386189
5801064822565316131,9141192226123621244
5814847089599820201,4915765600169827536
5820525314185769515,-425696735946939951
5820525314185769515,1599648130701749040
5841394758511628169,359952421368713832
5865789672426898818,-8389606703174203777
5880542338891207048,493885267170626741
5887906954507611186,-7926312583200757240
5896486525039669897,-6773556681497010803
5904207578202015154,7636265478208007102
5907265588916055679,-7755709322112901577
5907265588916055679,1065212078173442248
5907265588916055679,8536938319163879407
5916533215367025276,3573988533530918641
5917790683060854383,3873481839367056368
5917790683060854383,7948244398371607589
5918861350214031396,-2853140727596812349
5931283726009814076,6956738660681434452
5943572230767149265,-1532266203517795510
5965341006300729428,1632597453279144357
5971047050757234978,-6307896095967325341
5971439275815647895,1901057429286525053
6000735351562293171,631944142883211027
6001159747477713292,-9136240287356064689
6007650380062095561,4690217818994324944
6007650380062095561,7922619669692538766
6011313031465155447,-4518964995989108509
6011979769847161659,4969104925623373508
6026775421396075250,7987213592806205355
6028817890533857319,-5357130958044584011
6048903568768899931,-5770702011202746556
6062960712718881987,-2215978231238927714
6062960712718881987,2801412381062573827
6067164680336822538,566128400417346351
6067985841418963275,6548836531093238706
6068329296943312902,-1245739291723263362
6088015181596018448,-4389173006700515018
6129614038386663209,-2727876608825862330
6129614038386663209,2513249509140457320
613163891553762158,-5400898102477170439
6172594333122924964,4063977911450577321
6180066885914051430,-2045842126154965815
6183388789308502814,-6931963283803720124
6204429250425200181,-1725487691296816340
6204429250425200181,7260447620514444092
6206101394378904270,-8173657089912619361
6220440910161743157,572270853687290864
6226910020286825247,-4802196962663313751
6258340939304166510,3283814537266885344
6289734056477108772,-1997160002032479681
6289854617860173850,7873086426981194281
6292286861906778451,8812885763817034166
6294082560081229570,-3165263296745081486
6296254963166125418,-9014192975924626143
6329644469298353066,-6935946765809623298
6335887988270057284,218315229894034875
6374363155092664812,7319144860275315060
6400095187544730075,-8307209198988085715
643114145341433236,2188252940829924891
6449072418356789938,-1171088317471243957
6456060461670638582,-5008712350502405039
6456060461670638582,9005355916743748793
6458735566465527522,9086989433558980621
6473211554508558195,4813507312554619242
6476213490283883040,-43666482086691696
6494443150009894996,-5091085707577847174
6515573215969394684,-1186560599889497774
651563503576080422,-2275983797780265450
652834691929834700,5037455977858473065
6553281694832215421,-3244527107469060078
6562679675541547360,7139975764753955153
6569971805532081683,-3974553359043094669
6569971805532081683,8724400005696924422
6575022315151763218,-5134775814436333244
6575022315151763218,-7013019716326221468
6582489461048051940,2032013462537565030
6582489461048051940,8503449054545069281
6589311753001581,-6099499125169908510
6605418341452977855,6419839959297673055
6636210533843347999,-3544784168620120344
6654065165270343209,7272601039982102871
6669424124823033802,-1990513127459546525
6686605340328404831,5574131923798406881
6699520527507834356,-4121611444890284246
6699520527507834356,3317141995315033229
6712519136966346416,-4342495842149532016
6713741098556435854,-8575646618249675797
6715668584074013737,2974033815690157456
6726376767166415685,4812465184893894630
6729129297350432314,4926207005899601410
6729129297350432314,5987395061208794017
6729385172487984318,-794274947876560263
6756750628810359584,-8296749404146797616
6767903687226945561,-2201139412745154108
6769915444552675547,-3534308124074542912
6770162397670261085,-5748274009061739135
6777629392203221958,7007057455437519698
6796158887564752686,-8489620009428799429
6798508995522184371,-8475386158669493654
6805664408306356307,1825341309674840528
6821458519810081374,-898943777302264557
6839612970845180752,-820179410402154123
6856005958365252379,7377050695289774467
6862450606680252497,-557393785766499267
6865860841336334964,2952078905931420480
6866194267725530426,-2860879822870548521
6902458489597138131,2263596112429534197
6909625074446392213,-9114766211673710097
6943836843701912726,-2166444565853969409
6943836843701912726,-970546519009156876
695018118554612340,-2980945295201940911
6963840847284204395,-6529093844473498190
6966192342798108935,3935491339792993461
6967875278449042434,4588920920042004975
698620263499552024,8645312548192700758
6991727113204544898,-375740418001249680
6991727113204544898,4678151462430120388
6991727113204544898,4760666582155400244
6998861259887501595,1782824639508500514
7013729500371102104,5656141267386654381
7022362859316346086,6077287410007982379
7029512168855233817,-6299395826775042803
7054327146747417475,6166338060897294687
7106639927012017295,8825750734032730469
7159271921634878180,-184942651587214288
7159271921634878180,-440328421491906872
7159271921634878180,4004635042498771500
7186719785780504067,-8785278566802280377
7186719785780504067,2920723282113406413
7212069105990184362,197915318140133204
7220992298055848194,2447971092439416006
7229055824782989783,-1679381995992378169
7232621262585655601,7113380764067701452
723735675741541040,1637196386381892131
723735675741541040,3099692832471425523
7240526669421191496,-6488727363137270674
7240526669421191496,1196011726736673677
7256152120282759260,-5132844114785992544
7257714843327489220,-6373849676412315418
7262473624001981181,1640685168675411526
7266587959223889306,-8341796022926494073
7266587959223889306,-8386071195252250432
7273449560434216510,-5090121421337433565
7275274497156887664,-3486605280241119449
7286859410072806005,5562922521155593490
729297435830104657,-5136897255151730007
7299159956812664952,1178970616067644416
7328304354110890375,2715828171680523722
7334462963203317320,438097143524214188
7341810705881408444,-6463771232038184641
7341810705881408444,-7318504946283242283
7341810705881408444,3386786443799528825
7352856983259520302,1479516122649158568
7357653986418512730,339312395541249758
7372172450402607732,-8318132403674758225
7379842099234418345,8773560669546464117
7382768722560256376,-1886627514777004071
7385058056076244694,-1507358077479341298
7385058056076244694,-3900466595540449364
7386816641005075026,5125648644894160109
7388755423905862174,-3111200487011440332
7388755423905862174,2186537859912400982
7407055114845381272,-6861216624762012002
7408969820819384098,8836582065728679265
742400651106418982,3513164509232567964
7426270748436249235,3835719317778113279
7429695551766845805,2293353049237367371
7453439340392602186,-8299470529869414817
7453439340392602186,4330726613864585493
7453439340392602186,446306366955109967
7473348573340109977,-3562160646756882675
7478100811696955560,-1422022459322484335
7478100811696955560,7913934204242120328
7515797460526944234,3743744858338196080
7519888757603528931,-8962507564494750069
7519888757603528931,6652598662355600916
7519888757603528931,6693566789947186868
7535669599983843619,-3996469929921277903
7544318129350450407,3526460719422651287
7596411094835279872,2131506333500342238
7629023329140390485,4425400811957864246
7642486860644673233,-5963871037353238445
7642486860644673233,3198909694179341889
7645713334613527891,-7014058776761314603
7645713334613527891,7594935591260428760
7654507644128967475,-8368351076346231191
7663586218738117183,-6039734107467623079
7704376235445898385,-7087128222143778631
7705405232846142231,-8369201186172755171
7740991006863096705,-6083377597306149774
7752551186217124138,-1528062415703606007
7756408915942101840,-934122372992542433
7770909127210823793,-1306165846980871186
7770909127210823793,7095492949768518901
7775968919773273592,4541448837015193288
7794276663720047256,-215770258637703691
7794276663720047256,-7354885540008783860
7806397117145234790,-7951851061627150403
780969768062180075,4685162425346608617
7816820671817911982,317630478754383124
7816820671817911982,3447526613947180857
782634906436696703,-9183447555260294129
783858286461100709,-4241765154249826212
7847527950107186601,3652982452039919543
7854661345582650995,4673351233464742306
7859008435383021657,3811612669899403059
7860207839003312453,-5037628124574150240
788163215438310768,-4695076293931053541
7887563039004034940,2918599558694326426
7895455423679433147,1800076409924403948
7896789206901535229,-7586163073219704877
7897451637224851497,1412276924031877341
7897451637224851497,899118867757903379
7907945073272945198,6876851425421011845
7921334082437725076,-3042647746658440584
7921334082437725076,-4475830989764006393
7938564385650867634,-7377775015967328502
7966111001360353008,2076211733381093642
7974341668546692678,1380559119831666071
7977060059033679165,-3819636441331305380
7984261503477874524,-257918293139665413
7993705432008660127,-3387101591381301402
8011310205874360955,-3307216226952420668
8015412961127494719,5034287341600973039
8016912466578164334,-2539840006085853842
8043811153260885364,609595253793404144
8046769956415422551,-8754433135786066054
8056030069779707320,-6435355396853404231
8065345568068063522,-6430975476340457394
8074308007458056255,-5562359839040613774
8101250073145009331,4681333514689631875
8123108505200402093,-5879530748245394302
812492222068036599,737686463891136836
8133977425850063944,-5320429620100780781
8133977425850063944,1899650029586685200
8135482754378801629,-4102862279123590320
8144806364864663141,-4791776106852145707
8150858788143328286,-3142000947696055651
8162153298945611730,7145872497345017117
8164691309339814014,6871339982808304414
8170929170420524387,-682609067319353252
8181876127009302985,4684518694588079723
8195086162553127308,1223370512437824269
8195086162553127308,4391057298012878756
820208600130006123,622421416718762826
8212933586533391653,-3593975214442826160
8212933586533391653,1201123744400247104
821457402181861016,1555170918340035373
823008048218329869,8672310949820475472
8259865018542596547,7972326574483049604
8268219673684001492,-5829584464429014622
8274901047196196541,-1017440576308472227
8274901047196196541,6083888609352171128
8277356713493351568,7746646422785217921
8295907988085677019,-7000632065296276080
8335124192198299087,2839534239404252500
8338972738772014004,3034212824237883141
8338972738772014004,6379873692143477191
8338972738772014004,6891894920184347773
8349930139165938577,-1088313804097182795
8349930139165938577,-8091488469849097008
8360256397006254175,3246529870361519454
8360256397006254175,8400127618825974401
8368416955971072708,-6668390986289162033
837049567466229305,-4992260761767925042
8429392454380868001,7888697818600835202
8429392454380868001,858963035593527977
8432754505181203023,3676806046033250762
8432754505181203023,8310064783304198587
8452040667810378979,6438989666056132068
8460486382111977825,-1286294004552162070
8466307585743971015,-5282641124561966823
8497137926084086279,-3110586909267601268
8539699886435237224,-6261555861707739470
8541966425841204191,2123845962385185883
8557191028585632573,583462825309762724
8561721015321817641,-6087801997517370296
8561721015321817641,-8208974986752951613
8561721015321817641,9018919859921529494
8564046431009281224,3843070676565884072
8566250803546771626,3418016537798562538
8566835048146927514,-1278593224731664582
8566835048146927514,8175933020083924858
8577227901132895655,-4336427026625912387
8581555590713776032,405520482357861703
8585826628748952952,-8228554865915896054
8605072438418186270,7899773429603888062
8606002006363644532,-1350525025683592782
8613682604937443701,2857855237202200609
8617651009796801058,1278550187395207092
8617651009796801058,3317275079494652178
8660183255048530347,-8962705726109900745
8690275714826708450,6561582282768480397
8700494397552849903,7773368930083898635
8730154704798588762,4424291009069019261
8750813883253759940,-8664229693251702022
8758215832007973524,5129580684814683567
8770569410011527257,3765616529077151837
8793977891144757860,8279961303348579713
8800639653898204932,8610985962185054496
8807318003410873801,4199081338356300012
8829240386258892604,8992987640206520937
8856454756122201784,7365850909809716335
887751111636252960,-2575434798486045902
8882125013607444478,7780874973476472892
8900989014292345526,-7189843448777109065
8901001245060150952,1060619258410277738
892059499690778962,6559754888875513420
8925435410412329896,-2359738488217664644
8925435410412329896,-8102741988686264982
8948919625706130104,-2709261389965352305
8948919625706130104,-6915292566800925717
8967771255519662721,-2055753613180336719
8967771255519662721,6215702015342117561
899148642852938891,-5375178658217646421
8993269034934028199,4748772806357545018
8998553766518656877,-8948908210601187684
9010063510994045847,-961417129348181600
9023646078835308434,-6145394311332788311
9023874192638905150,8419566466840200066
9030467093261672030,-1588358903718309656
9031795943600848758,-8011013355348489641
9036786595486383455,5742851568276339323
9045735566856712568,5540662315963206202
9046269099182622862,1788072391377810669
9051195259667415069,-3603382360336980516
9066658939893068630,-1279352836481649380
9070021044057106786,-9141723001518714730
907042639106832494,3995877743813815041
9074225498542123377,-7977779458777073317
9076005956481163404,6566411488373525852
908111815951519933,-454952980127927317
9088683888345800202,-3024926343639471450
910358282137798404,-7152225371571351564
9121324874757178593,5069251432755468450
9139945752614126643,-5136302756747697114
9149846849738603610,3883325718340326075
9153414888651606312,-8646769456786373871
9159164887760215789,-3672489986234242161
9161039508047121927,6309584104413050931
9180138932776080571,1373328236963181673
9189472381284122593,3402200320749755038
9192204087829851599,-6733105667761866605
9222731054483489401,-5806237386643182561
925758452967798530,-3710674532161892308
925758452967798530,-6181191233997399251
94066680826437459,4209555241885104836
959053201632666578,4461688282282802913
972689670424332440,-2501644531767488367
979271115784553296,-5836602935537317604
979271115784553296,7864776236432117
979292129236488750,-6720103314610071473
979305081151352038,-4006470418342696500
983696576977759906,-2019313305234229302
989408142891255228,3596886624703700302
991653385883653212,-893413008146875066
